# Selected columns, values unchanged, from NEVO online version 2025/9.0, RIVM, Bilthoven (NEVO2025_v9.0.csv)
code|group|name_nl|name_en|per|kcal|protein|carbs|fat
1|Potatoes and tubers|Aardappelen rauw|Potatoes raw|per 100g|88|2|19|0
2|Potatoes and tubers|Aardappelen nieuwe rauw|Potatoes new raw|per 100g|88|2|19|0
3|Potatoes and tubers|Aardappelen oude rauw|Potatoes old raw|per 100g|88|2|19|0
4|Cereal products and types of flour|Pasta witte rauw|Pasta white raw|per 100g|356|12,3|72|1,5
5|Cereal products and types of flour|Rijst witte rauw|Rice white raw|per 100g|352|7|78|1
7|Vegetables|Andijvie rauw|Endive raw|per 100g|16|1,5|1|0,3
8|Vegetables|Andijvie gekookt|Endive boiled|per 100g|22|1,4|2,3|0,5
9|Vegetables|Asperge witte rauw|Asparagus white raw|per 100g|22|1|3|0,3
10|Vegetables|Aubergine rauw|Aubergine/eggplant raw|per 100g|20|1|3|0
11|Vegetables|Aubergine gekookt|Aubergine/eggplant boiled|per 100g|21|1|3|0
12|Vegetables|Biet rode rauw|Beetroot raw|per 100g|38|1,7|6|0,1
13|Vegetables|Selderij bleek- gekookt|Celery boiled|per 100g|14|1|2|0
14|Vegetables|Kool bloem- rauw|Cauliflower raw|per 100g|25|1,9|3|0,2
15|Vegetables|Kool bloem- gekookt|Cauliflower boiled|per 100g|22|1,8|1,8|0,4
16|Vegetables|Kool boeren- gekookt|Kale curly boiled|per 100g|33|2,7|1|1,3
17|Vegetables|Cantharel rauw|Mushrooms chanterelle raw|per 100g|16|1,8|1|0
18|Vegetables|Cantharel gekookt|Mushrooms chanterelle boiled|per 100g|20|1,8|2|0
19|Vegetables|Champignon rauw|Mushroom raw|per 100g|18|2,3|0,4|0,5
20|Vegetables|Champignon gekookt|Mushroom boiled|per 100g|21|3,8|0,4|0,3
21|Vegetables|Kool Chinese rauw|Cabbage Chinese raw|per 100g|17|1|2|0
22|Vegetables|Kool Chinese gekookt|Cabbage Chinese boiled|per 100g|17|1|2|0
23|Vegetables|Doperwten rauw|Peas raw|per 100g|65|4|10|0
24|Vegetables|Kool groene rauw|Cabbage green raw|per 100g|36|2,4|4,1|0,2
25|Vegetables|Kool groene gekookt|Cabbage green boiled|per 100g|21|1,5|2,3|0,2
26|Vegetables|Selderij knol- gekookt|Celeriac boiled|per 100g|38|2|5|0
27|Vegetables|Komkommer z schil rauw|Cucumber wo skin raw|per 100g|15|0,6|2,5|0,2
28|Vegetables|Komkommer gekookt|Cucumber boiled|per 100g|17|1|3|0
29|Vegetables|Koolraap gekookt|Swede boiled|per 100g|33|0,7|5,8|0,1
30|Vegetables|Koolrabi gekookt|Kohlrabi boiled|per 100g|31|2|4|0,3
31|Vegetables|Paprika groene rauw|Sweet pepper green raw|per 100g|19|0,8|2,5|0,1
32|Vegetables|Paprika groene gekookt|Sweet pepper green boiled|per 100g|17|0,6|2,3|0,2
33|Fruits|Rozijnen gedroogd|Raisins dried|per 100g|325|3,1|71,7|0,5
35|Vegetables|Peultjes rauw|Mange-tout raw|per 100g|33|2|5|0
36|Vegetables|Postelein gekookt|Purslane boiled|per 100g|13|1|1|0
37|Vegetables|Prei gekookt|Leek boiled|per 100g|22|1,1|2,1|0,5
38|Vegetables|Raapstelen rauw|Turnip tops raw|per 100g|17|2|1|0
39|Vegetables|Raapstelen gekookt|Turnip tops boiled|per 100g|17|2|1|0
40|Vegetables|Rabarber rauw|Rhubarb raw|per 100g|23|1|2|0
41|Vegetables|Kool rode rauw|Cabbage red raw|per 100g|27|2|3|0
42|Vegetables|Kool rode gekookt|Cabbage red boiled|per 100g|23|1,3|3|0
45|Vegetables|Schorseneren rauw|Salsify raw|per 100g|76|1|15|1
46|Vegetables|Sla krop- rauw|Lettuce butterhead raw|per 100g|13|1,4|0,3|0,4
47|Vegetables|Sla krop- gekookt|Lettuce butterhead boiled|per 100g|22|2|2|0,4
48|Vegetables|Snijbiet gekookt|Swiss chard leaf boiled|per 100g|29|3|3|0
49|Vegetables|Bonen snij- rauw|Beans runner raw|per 100g|22|1,9|2|0,1
50|Vegetables|Bonen sperzie- rauw|Beans French raw|per 100g|25|2,3|1,8|0,2
51|Vegetables|Spinazie rauw|Spinach raw|per 100g|26|3,2|0,9|0,6
52|Vegetables|Spinazie gekookt|Spinach boiled|per 100g|25|2,9|0,7|0,9
53|Vegetables|Kool spits- rauw|Cabbage oxheart raw|per 100g|42|3|4|1
54|Vegetables|Kool spits- gekookt|Cabbage oxheart boiled|per 100g|21|1,1|1,6|0,6
55|Vegetables|Spruitjes gekookt|Brussel sprouts boiled|per 100g|47|2,3|5,6|0,7
57|Vegetables|Mais suiker- gekookt|Sweetcorn boiled|per 100g|74|2,5|11,6|1,4
58|Vegetables|Tauge rauw|Bean sprouts raw|per 100g|25|2,2|3,2|0,1
59|Vegetables|Tauge gekookt|Bean sprouts boiled|per 100g|17|1,8|1,7|0,1
60|Vegetables|Tomaat gewoon rauw|Tomatoes classic round raw|per 100g|20|0,7|2,9|0,4
61|Vegetables|Tomaat gewoon gekookt|Tomatoes classic round boiled|per 100g|23|0,7|2,9|0,7
62|Vegetables|Bonen tuin- rauw|Beans broad raw|per 100g|51|5|4|0
63|Vegetables|Ui rauw|Onions raw|per 100g|37|1,3|6,3|0,2
64|Vegetables|Ui gekookt|Onions boiled|per 100g|35|1|6,3|0,2
65|Vegetables|Sla veld- rauw|Lettuce lambs raw|per 100g|18|2,6|0,5|0,2
67|Vegetables|Witlof rauw|Chicory raw|per 100g|19|1,3|2,4|0,2
68|Vegetables|Witlof gekookt|Chicory boiled|per 100g|16|1,2|2|0,2
69|Vegetables|Kool witte rauw|Cabbage white raw|per 100g|30|2|4|0
70|Vegetables|Kool witte gekookt|Cabbage white cooked|per 100g|16|0,9|1,8|0
71|Vegetables|Wortel rauw gem|Carrot raw av|per 100g|32|0,8|5,3|0,3
72|Vegetables|Wortel gekookt gem|Carrot boiled av|per 100g|32|0,7|5,2|0,3
73|Vegetables|Kool zuur- rauw|Cabbage sauerkraut raw|per 100g|13|1,1|0,6|0
74|Vegetables|Kool zuur- gekookt|Cabbage sauerkraut cooked|per 100g|14|0,9|1|0
75|Vegetables|Groente soep- rauw|Vegetable mix for soup raw|per 100g|32|1,5|4,6|0,2
80|Cereal products and types of flour|Bloem rijste-|Flour rice|per 100g|369|6,2|83,9|0,5
83|Eggs|Ei kippen- rauw gem|Egg whole chicken av raw|per 100g|132|12,3|0,2|9,1
84|Eggs|Ei kippen- gekookt gem|Egg whole chicken av boiled|per 100g|128|12,3|0|8,8
85|Eggs|Eidooier kippen- rauw|Egg yolk chicken raw|per 100g|361|16,7|0,2|32,6
86|Eggs|Eidooier kippen- gekookt|Egg yolk chicken boiled|per 100g|361|16|0|33
87|Eggs|Eipoeder kippen-|Egg powder chicken|per 100g|574|46|3|42
95|Meat and poultry|Paardenvlees rauw|Horse meat raw|per 100g|99|22,4|0|1
99|Meat and poultry|Schapenvlees >10 g vet rauw gem|Mutton >10g fat raw av|per 100g|293|17|0|25
105|Meat and poultry|Kalfshersenen rauw|Brains calf's raw|per 100g|108|9|0|8
106|Meat and poultry|Eend m vel rauw|Duck w skin raw|per 100g|388|13,1|0|37,3
107|Meat and poultry|Haas rauw|Hare whole raw|per 100g|115|22|0|3
108|Meat and poultry|Kip m vel rauw|Chicken w skin raw|per 100g|218|18,3|0|16
109|Meat and poultry|Konijn tam rauw|Rabbit domesticated raw|per 100g|174|21|0|10
110|Meat and poultry|Konijn wild rauw|Rabbit wild raw|per 100g|125|20|0|5
111|Fish, crustacean and shellfish|Mosselen gekookt|Mussels boiled|per 100g|125|17,2|7,2|3,1
112|Fish, crustacean and shellfish|Paling rauw|Eel raw|per 100g|372|14|0|35,1
113|Fish, crustacean and shellfish|Haring pan- rauw|Herring raw|per 100g|199|16|0|15
114|Fish, crustacean and shellfish|Vis mager 0-5 g vet gem rauw|Fish lean 0-5 g fat raw av|per 100g|92|19,7|0|1,5
116|Fish, crustacean and shellfish|Vis vet >5 g vet gem rauw|Fish fat >5 g fat raw av|per 100g|242|17,2|0,3|19,1
117|Legumes|Bonen witte/bruine gedroogd|Beans white/ brown dried|per 100g|314|20,1|44,2|2,4
118|Legumes|Erwten groene gedroogd|Peas green dried|per 100g|315|21|43|2
119|Legumes|Kapucijners gedroogd|Peas marrowfat dried|per 100g|305|20|43|1,5
120|Legumes|Linzen groene en bruine gedroogd|Lentils green and brown dried|per 100g|306|21|43|1,5
121|Potatoes and tubers|Aardappelpuree vers bereid m halfvolle melk en margarine|Potatoes mashed fresh prep w semi-skimmed milk and margarin|per 100g|83|2,2|13,9|1,8
122|Savoury snacks|Chips gem|Crisps potato av|per 100g|538|6,3|52,3|32,8
124|Vegetables|Radijs rauw|Radish raw|per 100g|22|1|4|0
125|Vegetables|Rammenas rauw|Radish black raw|per 100g|30|2|5|0
126|Vegetables|Sterkers rauw|Cress garden raw|per 100g|15|2|0|0
127|Vegetables|Rauwkost gem|Vegetables mixture raw av|per 100g|20|0,9|2,5|0,4
128|Herbs and spices|Peterselie vers|Parsley fresh|per 100g|37|4|1|0,8
130|Vegetables|Asperge witte blik/glas|Asparagus white tinned|per 100g|17|1,4|1,9|0,3
131|Vegetables|Augurk zuur|Gherkins sour pickled|per 100g|10|1|1|0
132|Vegetables|Augurk zoetzuur|Gherkins sweet pickled|per 100g|27|0,8|5,3|0
133|Vegetables|Champignon blik/glas|Mushroom tinned|per 100g|19|2,2|0,5|0,4
134|Vegetables|Doperwten middelfijn blik/glas|Peas medium fine tinned|per 100g|94|5|14|1
135|Vegetables|Doperwten zeer fijn/extra fijn blik/glas|Peas super fine tinned|per 100g|78|5,6|9,9|0,8
136|Vegetables|Doperwten m wortelen blik/glas|Peas and carrots tinned|per 100g|56|3,4|7|0,5
137|Fruits|Olijven groen in water blik/glas|Olives green in brine tinned/glass|per 100g|113|0,9|0,5|11
138|Vegetables|Bonen snij- blik/glas|Beans runner tinned|per 100g|20|1,1|2,3|0,3
139|Vegetables|Bonen sperzie- blik/glas|Beans French tinned|per 100g|26|1,6|2,9|0,3
140|Vegetables|Spinazie blik/glas|Spinach tinned|per 100g|31|3,2|1,3|0,9
141|Vegetables|Puree tomaten- geconcentreerd blik|Tomato puree concentrated tinned|per 100g|87|4,5|15,5|0
142|Vegetables|Bonen tuin- blik/glas|Beans broad tinned|per 100g|73|5,8|8,5|0,6
143|Vegetables|Wortel blik/glas|Carrot tinned|per 100g|29|0,7|5,3|0,2
144|Vegetables|Ui zilver- zoetzuur glas|Silver-skin onion sweet pickled glass|per 100g|34|0,6|6,9|0,1
145|Vegetables|Kool rode blik/glas|Cabbage red glass|per 100g|40|0,8|7,9|0,2
146|Vegetables|Spinazie diepvries gekookt|Spinach frozen boiled|per 100g|24|2,3|1,7|0,4
147|Fruits|Appel z schil gem|Apple wo skin av|per 100g|55|0,2|12|0,1
148|Fruits|Aardbeien|Strawberries|per 100g|29|0,7|5,1|0
149|Fruits|Abrikozen m schil|Apricots w skin|per 100g|44|0,9|8|0,1
150|Fruits|Ananas|Pineapple|per 100g|54|0,5|12|0,1
151|Fruits|Banaan|Banana|per 100g|92|1,1|20|0,3
152|Fruits|Bessen blauwe|Blueberries|per 100g|52|0,7|11|0
153|Fruits|Bessen rode|Redcurrants|per 100g|36|1,1|4,4|0
154|Fruits|Bessen zwarte|Blackcurrants|per 100g|53|0,9|8|0
155|Fruits|Bessen bos-|Bilberries|per 100g|30|0,6|6|0
156|Fruits|Bessen vossen-|Cowberries|per 100g|57|0,8|8,8|1,2
157|Fruits|Bramen|Blackberries|per 100g|37|0,9|5,1|0,2
158|Fruits|Citroen|Lemon|per 100g|36|0,8|3|0,3
159|Fruits|Cranberry vers|Cranberries fresh|per 100g|24|0,4|3,4|0,1
160|Fruits|Druiven m schil gem|Grapes w skin av|per 100g|78|0,6|16,8|0,2
161|Fruits|Frambozen|Raspberries|per 100g|37|1,4|4,5|0,3
162|Fruits|Grapefruit|Grapefruit|per 100g|37|0,9|6,6|0
163|Fruits|Kersen zoete|Cherries sweet|per 100g|57|0,9|11,5|0,4
164|Fruits|Bessen kruis-|Gooseberries|per 100g|49|0,9|9|0
165|Fruits|Mandarijn|Manderins|per 100g|46|0,7|9,9|0,1
166|Fruits|Meloen net-|Melon netted|per 100g|27|0,5|6|0
167|Fruits|Kersen zure|Cherries sour|per 100g|52|1|11|0
168|Fruits|Peer z schil|Pear wo skin|per 100g|53|0,3|11,7|0,2
169|Fruits|Perzik z schil|Peach wo skin|per 100g|41|1|7,9|0
170|Fruits|Pruimen m schil|Plums w skin|per 100g|40|0,8|7,3|0
171|Fruits|Sinaasappel|Orange|per 100g|48|0,8|7,9|1
172|Fruits|Fruit vers citrus- gem|Fruit fresh citrus av|per 100g|48|0,8|8,9|0,5
173|Fruits|Fruit vers excl citrus- gem|Fruit fresh av excl citrus|per 100g|63|0,7|13,5|0,2
174|Fruits|Aardbeien op siroop blik/glas|Strawberries in syrup tinned|per 100g|71|0,5|16,9|0
175|Fruits|Abrikozen gedroogd|Apricots dried|per 100g|285|5|59|0
176|Fruits|Abrikozen op siroop blik/glas|Apricots in syrup tinned|per 100g|69|0,4|16,1|0,1
177|Fruits|Ananas op siroop blik/glas|Pineapple in syrup tinned|per 100g|69|0,3|16,1|0,1
178|Fruits|Appeltjes gedroogd|Apples dried|per 100g|292|2|65|0,5
179|Fruits|Appelmoes blik/glas|Apple sauce tinned|per 100g|76|0,2|17,6|0,1
180|Fruits|Bessen bos- op siroop blik/glas|Bilberries in syrup tinned|per 100g|66|0,3|15,1|0,3
181|Fruits|Dadels gedroogd|Dates dried|per 100g|305|2|70,5|0
182|Fruits|Frambozen op siroop blik/glas|Raspberries in syrup tinned|per 100g|71|0,5|15,7|0,3
183|Fruits|Fruitcocktail op siroop blik/glas|Fruit cocktail in syrup tinned|per 100g|75|0,4|17,3|0
184|Fruits|Kersen op siroop blik/glas|Cherries in syrup tinned|per 100g|63|0,6|14,2|0,3
185|Fruits|Krenten gedroogd|Currants dried|per 100g|326|2|75|0
186|Fruits|Mandarijnen op siroop blik/glas|Tangerines in syrup tinned|per 100g|59|0,5|14|0
187|Fruits|Peren gedroogd|Pear dried|per 100g|287|2|65|0
188|Fruits|Peren op siroop blik/glas|Pears in syrup tinned|per 100g|64|0,3|14,7|0
189|Fruits|Perziken op siroop blik/glas|Peaches in syrup tinned|per 100g|62|0,4|14,6|0
190|Fruits|Pruimen gedroogd|Prunes|per 100g|199|1,6|47,9|0,4
191|Fruits|Pruimen op siroop blik/glas|Plums in syrup tinned|per 100g|65|0,3|15,5|0
192|Fruits|Tuttifrutti gedroogd|Fruit mixed dried|per 100g|256|2,7|56,1|0,3
193|Fruits|Vijgen gedroogd|Figs dried|per 100g|259|3,3|54,1|0,9
194|Fruits|Vruchten op siroop gem blik/glas|Fruit in syrup tinned|per 100g|65|0,3|15|0,1
195|Fruits|Babyvoeding fruit 8 mnd|Infant food fruit 8 months|per 100g|74|0,6|17,1|0,1
196|Legumes|Kapucijners blik/glas|Peas marrowfat canned|per 100g|108|7,1|14,8|0,8
197|Legumes|Bonen witte in tomatensaus blik/glas|Beans white baked in tomato sauce canned|per 100g|101|5,7|15,2|0,6
198|Nuts and seeds|Noten amandelen z vliesje ongezouten|Almonds blanched unsalted|per 100g|631|21,7|7,1|55,8
199|Nuts and seeds|Noten cashew- ongezouten|Cashew nuts unsalted|per 100g|615|21,2|20,8|48,9
200|Nuts and seeds|Noten hazel- ongezouten|Hazelnuts unsalted|per 100g|670|16,4|4,8|63
201|Nuts and seeds|Kastanje rauw|Chestnuts raw|per 100g|189|4|35|2,7
202|Fruits|Kokosnootvlees|Coconut meat|per 100g|406|4|3|40
203|Nuts and seeds|Noten para- ongezouten|Brazil nuts unsalted|per 100g|687|14,3|2,6|67,1
204|Nuts and seeds|Pinda's ongezouten|Peanuts unsalted|per 100g|627|25,2|11,8|51,7
205|Nuts and seeds|Studentenhaver|Mixed nuts and raisins|per 100g|496|11|38|32,1
206|Nuts and seeds|Noten wal- ongezouten|Walnuts unsalted|per 100g|706|15,9|5,1|68,1
207|Nuts and seeds|Noten gemengd ongezouten|Nuts mixed unsalted|per 100g|658|18,1|8,9|59,6
208|Cereal products and types of flour|Meel boekweit-|Flour buckwheat|per 100g|344|12,8|64,5|2,8
209|Cereal products and types of flour|Ontbijtproduct Cornflakes Kellogg's|Breakfast cereal Cornflakes Kellogg's|per 100g|378|7|84|0,9
210|Cereal products and types of flour|Custardpoeder|Custard powder|per 100g|352|0,4|86|0,7
212|Cereal products and types of flour|Gort parel- rauw|Barley pearl raw|per 100g|335|9,1|63,5|2
213|Cereal products and types of flour|Vlokken haver-|Oat flakes|per 100g|366|12,8|59,2|6,2
215|Cereal products and types of flour|Maizena|Corn starch|per 100g|354|0,3|86,9|0,4
216|Cereal products and types of flour|Puddingpoeder voor kookpudding|Blancmange powder to cook pudding|per 100g|374|0,2|93|0,1
217|Cereal products and types of flour|Bloem rogge-|Flour rye|per 100g|332|5,8|69|1,2
218|Cereal products and types of flour|Meel rogge-|Flour rye wholemeal|per 100g|314|9,1|56,6|1,5
219|Cereal products and types of flour|Tapioca parels droog|Tapioca pearls dry|per 100g|354|0,2|87,8|0
220|Cereal products and types of flour|Bloem tarwe-|Flour wheat white|per 100g|345|10,2|71,3|1,2
222|Cereal products and types of flour|Meel tarwe- volkoren|Flour wheat wholemeal|per 100g|344|11,6|65,3|1,7
223|Cereal products and types of flour|Bindmiddel gem|Binding agents av|per 100g|344|9,8|71,7|1,1
224|Cereal products and types of flour|Ontbijtproduct Olvarit pap fijne granen 6+ mnd|Breakfast cereal porridge Olvarit fijne granen 6+ months|per 100g|367|12,4|69,6|2,1
225|Cereal products and types of flour|Volkoren graanontbijt|Breakfast cereal whole grain for porridge|per 100g|349|14|64|1,9
226|Cereal products and types of flour|Aardappelzetmeel|Potato starch|per 100g|327|0,3|81,1|0,2
227|Bread|Beschuit naturel|Crispbakes Dutch white|per 100g|408|14,1|76,1|4,7
228|Bread|Cracker cream-|Crackers cream|per 100g|448|9,1|68,8|14,5
229|Bread|Knackebrod gem|Crispbread av|per 100g|376|11,6|63,6|5,6
230|Bread|Tarwebroodje wit zacht|Wheat bread roll white soft|per 100g|262|9,7|46,1|3,5
231|Cereal products and types of flour|Kiemen tarwe-|Wheat germ|per 100g|346|29,2|27,8|9,5
232|Pastry and biscuits|Broodje koffie-|Danish pastry|per 100g|349|5,8|48,4|14,1
233|Bread|Tarwekrentenbrood wit|Wheat currant bread white|per 100g|273|7,8|53,3|2,4
234|Pastry and biscuits|Biscuit baby- Liga Baby 6-12 mnd|Biscuit Liga Baby 6-12 months|per 100g|394|6,5|73,5|7,6
235|Pastry and biscuits|Biscuit dreumes- Liga Kind 12-36 mnd|Biscuit Liga 12-36 months|per 100g|411|8,5|71|9,4
236|Bread|Tarwebrood bruin|Wheat bread brown|per 100g|239|9,9|43,3|1,8
238|Bread|Cracker Matzes|Crackers Matzes|per 100g|376|11|78,8|1
240|Pastry and biscuits|Koek ontbijt-|Cake Dutch spiced Ontbijtkoek|per 100g|308|3|69,5|1,2
241|Bread|Tarwebrood wit melk|Wheat bread white milk based|per 100g|257|9,6|47,9|2,4
242|Bread|Roggebrood volkoren|Rye bread wholemeal|per 100g|193|5,6|35,6|1,3
243|Bread|Roggetarwebrood bruin|Rye wheat bread brown|per 100g|233|8,2|42,8|1,5
244|Bread|Tarwerozijnenbrood wit |Wheat raisin bread white|per 100g|272|7,7|52,2|2,7
246|Bread|Tarwebrood volkoren gem v fijn en grof|Wheat bread wholemeal av fine and coarse|per 100g|235|11,1|39|2,3
248|Bread|Tarwebrood wit water|Wheat bread white water based|per 100g|248|9|48,1|1,6
249|Bread|Tarwemoutbrood bruin|Wheat malt bread brown|per 100g|249|9,4|46,6|1,9
250|Pastry and biscuits|Broodje amandel- (v bladerdeeg)|Puff pastry filled w almond paste|per 100g|393|6,9|38,6|23
251|Pastry and biscuits|Taart appel- v zandtaartdeeg z roomboter|Apple pie Dutch w shortbread wo butter|per 100g|226|3,4|31,9|9
252|Pastry and biscuits|Biscuit|Biscuit|per 100g|437|7,6|75,5|11
253|Pastry and biscuits|Cake z roomboter|Cake wo butter|per 100g|397|5,6|42,8|22,3
254|Pastry and biscuits|Koek eier-|Cake sponge Dutch Eierkoek|per 100g|307|5,9|66,8|1,4
255|Pastry and biscuits|Taart slagroom-|Gateau w whipped cream|per 100g|316|4,6|31,4|18,9
256|Pastry and biscuits|Taart creme au beurre-|Gateau w butter-cream filling|per 100g|431|3,6|44|26,6
257|Pastry and biscuits|Koek gevulde gem|Almond paste filled tarts av|per 100g|411|6,4|59,9|15,8
258|Pastry and biscuits|Koekje gem|Biscuit av|per 100g|475|5,7|65,2|20,7
259|Pastry and biscuits|Kokosmakronen|Coconut macaroons|per 100g|455|4|59|21,2
260|Pastry and biscuits|Lange vingers|Biscuit sponge fingers|per 100g|402|7,2|84,8|3,5
261|Pastry and biscuits|Speculaas gem|Biscuit spiced Speculaas av|per 100g|469|5|65,1|20,3
262|Pastry and biscuits|Sprits m roomboter|Biscuit Dutch shortbread sprits|per 100g|493|4,8|50,5|29,8
263|Pastry and biscuits|Biscuit tarwe-/volkoren-|Biscuit brown/wholemeal|per 100g|459|7,8|70,7|14,9
264|Savoury snacks|Biscuit zoute|Biscuit salted|per 100g|472|8,1|56,7|23
265|Cereal products and types of flour|Bladerdeeg z roomboter, bereid|Puff pastry wo butter baked|per 100g|499|7,9|46,3|31
266|Savoury snacks|Broodje saucijzen-|Snack sausage roll puff pastry|per 100g|356|7,2|28,5|23,4
267|Savoury snacks|Pepsels|Pretzel sticks|per 100g|382|11,9|69,5|5,3
269|Savoury snacks|Kroepoek naturel|Prawn crackers natural|per 100g|516|3,5|62|28
270|Milk and milk products|Melk rauwe|Milk raw|per 100g|71|3,4|4,4|4,4
271|Milk and milk products|Melk koffie- Becel|Coffee creamer Becel|per 100g|112|7,1|11|4,4
272|Milk and milk products|Melk chocolade- volle|Milk chocolate-flavoured full fat|per 100g|82|3,3|10,7|2,8
273|Milk and milk products|Melk chocolade- magere|Milk chocolate-flavoured low fat|per 100g|62|3,3|11,4|0,3
274|Meat substitutes and dairy substitutes|Creamer koffie-|Coffee creamer powder|per 100g|560|2,1|58,4|35,3
276|Milk and milk products|Vla chocolade- volle|Custard chocolate full fat|per 100g|88|2,4|13,4|2,6
278|Milk and milk products|Yoghurt volle|Yoghurt full fat|per 100g|56|3,8|3,4|2,7
279|Milk and milk products|Melk volle|Milk whole|per 100g|61|3,3|4,5|3,4
280|Milk and milk products|Melk koffie- volle|Coffee creamer full fat|per 100g|145|7,5|11,4|7,7
281|Milk and milk products|Melk gecondenseerde m suiker|Milk condensed w sugar|per 100g|330|8,1|54,7|8,8
282|Milk and milk products|Vla vanille- volle|Custard vanilla full fat|per 100g|86|2,3|12,8|2,8
284|Milk and milk products|Yoghurt vruchten- magere|Yoghurt low fat w fruit|per 100g|67|3|12,4|0,2
285|Milk and milk products|Melk koffie- halfvolle|Coffee creamer half fat|per 100g|110|7|11,2|4,1
286|Milk and milk products|Melk halfvolle|Milk semi-skimmed|per 100g|45|3,4|4,7|1,4
288|Milk and milk products|Pap havermout- bereid m volle melk ongezoet|Porridge oatmeal prepared w whole milk unsweetened|per 100g|94|4,3|10,3|3,7
289|Milk and milk products|Melk karne-|Buttermilk|per 100g|30|3|3,6|0,2
290|Milk and milk products|Pap karnemelkse bloem-|Porridge buttermilk w wheat flour white|per 100g|52|3,7|7,8|0,5
291|Cereal products and types of flour|Topping m suiker poeder Klop-Klop|Topping dessert powder w sugar Klop-Klop|per 100g|535|4,4|63,4|29,3
292|Milk and milk products|Melk koffie- magere|Coffee creamer low fat|per 100g|57|9,9|4,3|0
293|Milk and milk products|Room koffie-|Coffee creamer|per 100g|210|3,3|3,8|20,2
294|Milk and milk products|Melk magere|Milk skimmed|per 100g|35|3,7|4,9|0,1
295|Milk and milk products|Melkpoeder magere|Milk skimmed dried|per 100g|349|35,4|50,5|0,6
296|Milk and milk products|Melkpoeder volle|Milk whole dried|per 100g|478|23,9|37|26
297|Milk and milk products|Melk moeder-|Milk human|per 100g|66|1,1|7,4|3,5
298|Milk and milk products|Pap rijste-|Porridge rice|per 100g|86|3,1|12|2,9
299|Milk and milk products|Room slag- onbereid|Cream whipping unprepared|per 100g|339|2,3|3,1|35,3
300|Milk and milk products|Yoghurt Bulgaarse volle|Yoghurt Bulgarian whole milk|per 100g|77|4,5|4,5|4,3
301|Milk and milk products|Yoghurt magere|Yoghurt low fat|per 100g|37|4,1|4|0,2
303|Milk and milk products|IJs room/vanille- gem|Ice cream dairy av|per 100g|216|2,9|25,3|11,3
304|Cheese|Kaas strooi- Zwitserse|Cheese Swiss dried|per 100g|228|55|0|0,7
305|Milk and milk products|Kwark magere|Quark low fat|per 100g|51|8,4|3,8|0
306|Milk and milk products|Kwark halfvolle|Quark half fat|per 100g|77|7,5|4|3,2
307|Milk and milk products|Kwark volle|Quark full fat|per 100g|118|7,5|3,6|8
308|Fats and oils|Olie arachide-|Oil peanut|per 100g|900|0|0|100
310|Fats and oils|Boter ongezouten|Butter unsalted|per 100g|737|0,7|1,1|81,2
313|Fats and oils|Olie soja-|Oil soya|per 100g|894|0,3|0|99,2
314|Fats and oils|Vet varkens- uitgesmolten|Lard|per 100g|900|0|0|100
315|Fats and oils|Vet rund- uitgesmolten|Beef fat|per 100g|891|0|0|99
317|Fats and oils|Olie zonnebloem-|Oil sunflower seed|per 100g|897|0,3|0|99,5
319|Cold meat cuts|Cornedbeef|Corned beef|per 100g|208|24,3|0,9|11,9
320|Meat and poultry|Fazant rauw|Pheasant whole raw|per 100g|223|31|0|11
322|Savoury snacks|Frikandel bereid m vloeibaar frituurvet|Sausage Dutch Frikandel deep-fried in liquid fat|per 100g|251|13,8|6,7|18,4
324|Meat and poultry|Worst rook- gekookt gem|Sausage smoked cooked av|per 100g|304|14,1|2,6|26,3
326|Savoury snacks|Kroket vlees- bereid m vloeibaar frituurvet|Croquette meat ragout deep-fried in liquid fat|per 100g|272|8,9|20,9|16,6
328|Cold meat cuts|Ham rauwe|Ham smoked raw|per 100g|188|24,6|1,2|9,5
330|Meat and poultry|Kalkoen rauw|Turkey raw|per 100g|141|21,8|0|6
333|Cold meat cuts|Lever runder- gekookt (vleeswaar)|Liver ox boiled (processed meat product)|per 100g|133|20|2|5
334|Cold meat cuts|Lever varkens- gekookt (vleeswaar)|Liver pork boiled (processed meat product)|per 100g|132|19,8|3,9|4,1
335|Cold meat cuts|Pastei lever-|Liver pate|per 100g|318|14,2|1,7|28,3
336|Cold meat cuts|Luncheon meat blik|Luncheon meat tinned|per 100g|279|12,9|3,3|23,8
337|Meat and poultry|Patrijs rauw|Partridge raw|per 100g|248|35|0|12
338|Cold meat cuts|Pekelvlees|Beef salted cooked|per 100g|184|17,3|0,1|12,7
339|Meat and poultry|Ree wild rauw|Venison raw|per 100g|122|22,4|0|3,6
340|Cold meat cuts|Runderrookvlees|Beef smoke-dried|per 100g|108|22|0,5|2
343|Meat and poultry|Spek rook- vet rauw|Bacon fat smoked raw|per 100g|678|5|0|73,2
344|Cold meat cuts|Vleeswaren gem|Processed meat products av|per 100g|239|16,6|2,7|17,9
347|Fish, crustacean and shellfish|Bokking gerookt|Kipper smoked|per 100g|242|20,8|0,3|17,5
348|Fish, crustacean and shellfish|Garnalen Hollandse gekookt|Shrimps Dutch boiled|per 100g|94|19,8|0,1|1,6
349|Fish, crustacean and shellfish|Haringfilet in tomatensaus blik|Herring fillet in tomato sauce tinned|per 100g|201|12|5,4|14,6
350|Fish, crustacean and shellfish|Haring gezouten|Herring salted|per 100g|172|17,6|2,8|10,1
351|Fish, crustacean and shellfish|Krab in water blik|Crab in water tinned|per 100g|85|18,1|0|1,4
352|Fish, crustacean and shellfish|Kreeft gekookt|Lobster boiled|per 100g|86|19,7|0|0,8
353|Fish, crustacean and shellfish|Makreel rauw|Mackerel raw|per 100g|233|18|0|17,9
354|Fish, crustacean and shellfish|Oesters|Oysters|per 100g|57|6|4|1,9
355|Fish, crustacean and shellfish|Sardines in olie blik|Sardines/pilchards in oil tinned|per 100g|231|21,7|0|16
356|Fish, crustacean and shellfish|Lever schelvis- blik|Liver haddock tinned|per 100g|409|7|0|42,3
357|Fish, crustacean and shellfish|Stokvis geweekt|Stockfish soaked|per 100g|138|32,5|0|0,9
358|Eggs|Eiwit kippenei rauw|Egg white chicken raw|per 100g|44|10,5|0,4|0
369|Savoury snacks|Loempia gefrituurd in plantaardige olie|Spring roll deep-fried in vegetable oil|per 100g|181|7,1|18,6|8,2
372|Mixed dishes|Babyvoeding maaltijd 8 mnd|Infant food meal 8 months|per 100g|74|3,4|9,7|2,1
374|Sugar, sweets and sweet sauces|Suiker basterd- bruine|Sugar castor brown|per 100g|396|0|99|0
375|Sugar, sweets and sweet sauces|Suiker basterd- witte|Sugar castor white|per 100g|396|0|99|0
377|Sugar, sweets and sweet sauces|Suiker kristal-|Sugar granulated|per 100g|400|0|100|0
378|Sugar, sweets and sweet sauces|Stroop keuken-|Syrup Keukenstroop|per 100g|328|0|82|0
381|Sugar, sweets and sweet sauces|Stroop suiker-|Syrup sugar|per 100g|300|0|75|0
382|Alcoholic beverages|Advocaat|Advocaat liqueur|per 100g|236|4,3|23,6|3,2
383|Non-alcoholic beverages|Sap appel-|Juice apple|per 100g|46|0,1|11,2|0
385|Non-alcoholic beverages|Vruchtendrank rode bessen|Fruit juice drink redcurrent|per 100g|57|0|14|0
386|Alcoholic beverages|Jenever bessen-|Gin Dutch red currant flavoured|per 100g|184|0|18|0
387|Non-alcoholic beverages|Vruchtendrank zwarte bessen|Fruit juice drink blackcurrant|per 100g|61|0|15|0
388|Non-alcoholic beverages|Sap rode bessen-|Juice redcurrant|per 100g|42|0,2|10|0
389|Alcoholic beverages|Bier oud bruin|Beer old brown|per 100g|38|0,5|5,5|0
390|Alcoholic beverages|Bier pils|Beer pilsner|per 100g|44|0,4|3|0
391|Alcoholic beverages|Brandewijn|Brandy|per 100g|231|0|0|0
392|Alcoholic beverages|Campari|Campari|per 100g|180|0|10|0
393|Alcoholic beverages|Jenever citroen-|Gin Dutch lemon flavoured|per 100g|180|0|3|0
394|Alcoholic beverages|Cognac|Cognac|per 100g|224|0|0|0
395|Non-alcoholic beverages|Frisdrank m suiker m cafeine|Soft drink w sugar w caffeine|per 100g|41|0|10,4|0
396|Non-alcoholic beverages|Sap druiven-|Juice grape|per 100g|65|0,2|15,9|0
399|Non-alcoholic beverages|Vruchtendrank frambozen|Fruit juice drink raspberry|per 100g|57|0|14|0
400|Non-alcoholic beverages|Frisdrank m suiker z cafeine|Soft drink m sugar wo caffeine|per 100g|37|0|9,2|0
401|Alcoholic beverages|Jenever jonge|Gin young Dutch|per 100g|196|0|0|0
402|Alcoholic beverages|Jenever oude|Gin old Dutch|per 100g|200|0|1|0
403|Alcoholic beverages|Likeur 15-25 vol% alc|Liqueur 15-25 vol% alcohol|per 100g|242|0|29|0
405|Alcoholic beverages|Muskaatwijn|Muscatel|per 100g|162|0|13,7|0
407|Alcoholic beverages|Port|Port wine|per 100g|156|0|13|0
408|Alcoholic beverages|Rum|Rum|per 100g|234|0|0|0
409|Alcoholic beverages|Sherry|Sherry|per 100g|111|0|3,2|0
410|Non-alcoholic beverages|Sap sinaasappel- gepasteuriseerd|Juice orange pasteurized|per 100g|45|0,6|9,5|0,1
413|Non-alcoholic beverages|Sap tomaten-|Tomato juice|per 100g|16|0,7|3,2|0
415|Alcoholic beverages|Vermouth zoete|Vermouth|per 100g|150|0|16,5|0
416|Alcoholic beverages|Vieux|Brandy Dutch vieux|per 100g|200|0|1|0
417|Non-alcoholic beverages|Limonade vruchten- m suiker|Juice drink w sugar|per 100g|41|0|10,3|0
421|Alcoholic beverages|Whisky|Whisky|per 100g|245|0|0|0
422|Alcoholic beverages|Wijn rode|Wine red|per 100g|76|0,1|0,2|0
423|Alcoholic beverages|Wijn witte droge|Wine white dry|per 100g|67|0,1|0,6|0
425|Non-alcoholic beverages|Frisdrank Rivella|Softdrink w milk serum and sweetener Rivella|per 100g|4|0|1|0
427|Sugar, sweets and sweet sauces|Stroop appel- rinse|Syrup apple rinse|per 100g|280|1,8|65,9|0
428|Savoury sauces|Saus barbecue-|Sauce barbecue|per 100g|95|0,9|22,2|0,1
429|Herbs and spices|Bouillonblokje|Stock cube|per 100g|273|8,1|21,2|17,2
430|Miscellaneous foods|Cacaopoeder|Cocoa powder|per 100g|379|18,5|10,5|21,7
431|Sugar, sweets and sweet sauces|Chocolade melk-|Chocolate milk|per 100g|548|7|52|34,1
432|Sugar, sweets and sweet sauces|Chocolade puur|Chocolate dark|per 100g|531|6,5|46,7|33,7
433|Sugar, sweets and sweet sauces|Vlokken chocolade- melk|Chocolate flakes milk|per 100g|454|5,8|72|15
434|Sugar, sweets and sweet sauces|Boter chocolade-|Chocolate butter|per 100g|515|1,6|53,6|32,2
435|Sugar, sweets and sweet sauces|Vlokken chocolade- puur|Chocolate flakes dark|per 100g|444|5,2|67|15,5
436|Sugar, sweets and sweet sauces|Pasta chocolade- hazelnoot|Spread chocolate hazelnut|per 100g|562|5,7|53,9|35,3
437|Savoury sauces|Saus cocktail/party/tafel- 25% olie|Sauce cocktail/party/table 25% oil|per 100g|293|0,7|13,7|26,1
439|Miscellaneous foods|Gelatine|Gelatin|per 100g|352|88|0|0
440|Sugar, sweets and sweet sauces|Gember op siroop blik/glas|Ginger stem in syrup tinned|per 100g|288|1,8|69|0
441|Miscellaneous foods|Gistextract Marmite|Yeast extract Marmite|per 100g|238|38,4|19,2|0,1
442|Sugar, sweets and sweet sauces|Hagelslag vruchten-|Coloured sprinkles fruit-flavoured|per 100g|393|0,1|98,2|0
443|Sugar, sweets and sweet sauces|Honing|Honey|per 100g|321|0,3|80|0
444|Sugar, sweets and sweet sauces|Pasta chocolade- puur|Spread chocolate dark|per 100g|575|3|51,4|38,6
445|Sugar, sweets and sweet sauces|Jam|Jam|per 100g|248|0,3|60,8|0,1
446|Sugar, sweets and sweet sauces|Kauwgom|Chewing gum|per 100g|280|0|70|0
447|Sugar, sweets and sweet sauces|Kauwgom z suiker|Chewing gum wo sugar|per 100g|171|0,1|66,4|0,6
449|Sugar, sweets and sweet sauces|Kokosbrood|Coconut bread sweetened sliced|per 100g|426|3,2|58,7|18,6
450|Sugar, sweets and sweet sauces|Zuurtjes|Sweets boiled|per 100g|380|0|95|0
451|Savoury sauces|Mayonaise|Mayonnaise|per 100g|664|1,1|3,6|71,6
453|Sugar, sweets and sweet sauces|Pepermunt|Peppermint|per 100g|395|0,6|98,2|0
454|Savoury sauces|Piccalilly|Piccalilly|per 100g|53|1,3|8,2|1,3
455|Savoury bread spreads|Pindakaas|Peanut butter|per 100g|654|22,5|10|56,4
457|Sugar, sweets and sweet sauces|Jam rozenbottel- m vit C|Jam rose hip w vit C|per 100g|260|1,8|62|0,3
458|Savoury sauces|Saus sla- 25% olie|Salad cream 25% oil|per 100g|278|0,4|8,9|26,7
461|Sugar, sweets and sweet sauces|Toffee|Toffees|per 100g|401|0,6|85,6|6,2
462|Savoury sauces|Ketchup tomaten-|Ketchup tomato|per 100g|77|1|17,7|0
463|Non-alcoholic beverages|Siroop vruchtenlimonade-|Fruit drink concentrate undiluted|per 100g|233|0|58,2|0
464|Sugar, sweets and sweet sauces|Broodbeleg zoet gem|Spread sweet av|per 100g|422|3|64,2|16,5
465|Savoury sauces|Saus frites- 25% olie|Sauce for chips 25% oil|per 100g|296|0,5|12|27,3
466|Savoury sauces|Saus frites- 35% olie|Sauce for chips 35% oil|per 100g|375|0,7|12|36
467|Cereal products and types of flour|Pannenkoek huishoudelijk bereid m margarine|Pancake homemade prepared w margarin|per 100g|206|8,3|29,2|5,8
468|Pastry and biscuits|Tompouce|Cream slice Dutch Tompouce|per 100g|315|3,8|36,5|16,9
469|Mixed dishes|Babi pangang z rijst|Pork Chinese style Babi pangang wo rice|per 100g|131|10,2|6,7|7
470|Mixed dishes|Bami goreng z ei|Chinese noodle dish Bami goreng wo egg|per 100g|168|6,6|26,3|3,8
471|Mixed dishes|Nasi goreng m ei|Fried rice Nasi goreng w egg|per 100g|144|4,4|22,4|3,9
472|Mixed dishes|Tjap tjoi z rijst|Chop-suey Indonesian wo rice|per 100g|61|3,9|3,2|3,4
473|Mixed dishes|Foe yong hai z rijst|Foe jung hai filled omelet wo rice|per 100g|96|4,8|4,6|6,2
474|Pastry and biscuits|Oliebol gevuld m krenten en rozijnen|Doughnut Dutch style filled w currants and raisins|per 100g|259|5,9|37,9|8,7
475|Meat and poultry|Lever kippen- rauw|Liver chicken raw|per 100g|128|19,1|1|5,4
479|Milk and milk products|Melk karne- m vruchten|Buttermilk w fruit|per 100g|51|3,3|8,2|0,5
480|Pastry and biscuits|Biscuit fourre omhuld m chocolade|Biscuit filled chocolate coated|per 100g|500|5,4|67,7|22,6
481|Pastry and biscuits|Koek Bastogne|Biscuit shortbread Bastogne|per 100g|493|4,9|72,2|20,1
482|Sugar, sweets and sweet sauces|Spekkie|Sweets marshmallow type Spekkie|per 100g|334|4,1|78,3|0,4
484|Sugar, sweets and sweet sauces|Spread fruit- minder suiker|Fruit spread reduced sugar|per 100g|118|0,5|27,7|0,2
485|Milk and milk products|IJs room/vanille- cornet m chocola en nootjes|Ice cream dairy/non dairy cornet w chocolate and nuts|per 100g|302|3,9|38,9|14,3
486|Pastry and biscuits|Vlaai vruchten-|Flan w fruit filling|per 100g|228|2,9|41,6|5,1
487|Sugar, sweets and sweet sauces|Candybar Mars|Candybar Mars|per 100g|449|4,1|70,2|16,6
488|Cereal products and types of flour|Puddingpoeder instant chocolade|Blancmange powder instant chocolate|per 100g|363|3,4|80|2,2
489|Pastry and biscuits|Vlaai rijste-|Flan filled w rice pudding|per 100g|211|4,5|34,5|6
497|Non-alcoholic beverages|Siroop vruchtenlimonade- vruchtenmix m rozenbottel|Fruit drink concentrate fruit mix w rose hip|per 100g|185|0,3|45,6|0
498|Non-alcoholic beverages|Siroop vruchtenlimonade- Roosvicee Fruitkracht Ferro|Fruit drink concentrate Roosvicee Fruitkracht Ferro|per 100g|222|0,2|55,2|0
500|Non-alcoholic beverages|Siroop vruchtenlimonade- Roosvicee Fruitkracht Pruimen|Fruit drink concentrate Roosvicee Fruitkracht Pruimen|per 100g|225|0,2|56|0
511|Cheese|Kaas Edammer 40+|Cheese Edam 40+|per 100g|324|25,5|0|24,3
513|Cheese|Kaas Goudse 48+ gem|Cheese Gouda 48+ av|per 100g|370|22,9|0|30,6
514|Cheese|Kaas 20+ Leidse/Friese nagel-|Cheese 20+ Leidse w cumin/Fries clove|per 100g|240|33,1|0|11,9
515|Cheese|Kaas smeer- volvet 48+|Cheese spread 48+ full fat|per 100g|260|13,4|2,1|21,7
516|Cheese|Kaas smeer- 40+|Cheese spread 40+|per 100g|227|16|2|17
517|Cheese|Kaas smeer- 20+|Cheese spread 20+|per 100g|137|17,2|1,7|6,8
520|Sugar, sweets and sweet sauces|Drop zoute|Liquorice Dutch type salted|per 100g|330|12,2|68,1|0,2
521|Sugar, sweets and sweet sauces|Drop dubbelzoute|Liquorice Dutch type double salted|per 100g|330|12,2|68,1|0,2
522|Sugar, sweets and sweet sauces|Drop zoete|Liquorice Dutch type sweet|per 100g|333|7,3|74,6|0,4
523|Sugar, sweets and sweet sauces|Stophoest|Liquorice Stophoest|per 100g|396|0,6|98,4|0
524|Sugar, sweets and sweet sauces|Chocolade in krokant suikerlaagje M&M's|M&M's chocolate|per 100g|487|4,6|68,6|20,7
525|Sugar, sweets and sweet sauces|Candybar Milky Way|Candybar Milky Way|per 100g|448|4|71,9|15,9
526|Sugar, sweets and sweet sauces|Candybar Bounty|Candybar Bounty|per 100g|486|3,7|58,3|26,1
528|Sugar, sweets and sweet sauces|Candybar Snickers|Candybar Snickers|per 100g|484|8,7|60,2|22,9
530|Cereal products and types of flour|Bakmix voor pannenkoeken|Bakery mix for pancakes|per 100g|332|9,5|68,1|1,3
531|Cereal products and types of flour|Bakmix voor poffertjes|Bakery mix for Dutch little pancakes poffertjes|per 100g|329|9,3|68|1,1
532|Milk and milk products|Pudding chocolade-|Blancmange chocolate|per 100g|112|3,4|19,3|2
535|Miscellaneous foods|Cacaopoeder gezoet|Cocoa powder sweetened|per 100g|376|4,5|80,6|2,6
538|Vegetables|Rabarbermoes m suiker|Rhubarb puree w sugar|per 100g|82|0,5|19|0
539|Sugar, sweets and sweet sauces|Dessertsaus vruchten-|Sauce fruit for pudding|per 100g|189|0,3|46,3|0,1
540|Sugar, sweets and sweet sauces|Dessertsaus chocolade-|Sauce chocolate for pudding|per 100g|269|2,1|60,8|1,9
541|Savoury bread spreads|Pindakaas m stukjes pinda|Peanut butter w peanut pieces|per 100g|651|20|15|55
546|Nuts and seeds|Noten borrel-|Peanuts coated|per 100g|532|13,2|43,7|32,7
548|Savoury sauces|Saus schaschlik-|Sauce tomato based shashlik|per 100g|109|0,8|25,9|0
555|Milk and milk products|Topping m suiker opgeklopt Klop-Klop|Topping dessert w sugar whipped KlopKlop|per 100g|111|3,5|12,5|5,2
556|Cheese|Kaas Camembert 45+|Cheese Camembert 45+|per 100g|306|25|0|22,8
557|Vegetables|Selderij bleek- rauw|Celery raw|per 100g|14|1|2|0
558|Vegetables|Selderij knol- rauw|Celeriac raw|per 100g|38|2|5|0
559|Vegetables|Koolraap rauw|Swede raw|per 100g|30|0,7|5|0,1
560|Vegetables|Koolrabi rauw|Kohlrabi raw|per 100g|31|0,9|4,7|0,3
561|Vegetables|Postelein rauw|Purslane raw|per 100g|13|1|1|0
562|Vegetables|Prei rauw|Leek raw|per 100g|28|1,5|3,5|0,2
563|Vegetables|Snijbiet rauw|Swiss chard leaf raw|per 100g|29|3|3|0
564|Vegetables|Spruitjes rauw|Brussel sprouts raw|per 100g|46|2,3|5,6|0,7
566|Meat and poultry|Worst knak- blik/glas|Sausage frankfurter tinned|per 100g|201|12|3,8|15,4
567|Cold meat cuts|Worst boterham-|Sausage luncheon meat|per 100g|306|11,6|3,5|26,9
568|Meat and poultry|Worst bloed-|Black pudding|per 100g|386|12,4|9,5|32,6
570|Sugar, sweets and sweet sauces|Candybar Nuts|Candybar Nuts|per 100g|497|4,6|62,3|24,8
575|Savoury bread spreads|Spread sandwich- naturel|Sandwich spread original|per 100g|235|1,6|14|19
577|Mixed dishes|Salade huzaren-|Salad Russian|per 100g|149|2,1|13,7|9,1
583|Savoury sauces|Ketchup hot chilli|Ketchup hot chilli|per 100g|101|1,2|23,3|0,1
584|Savoury sauces|Ketchup curry-|Ketchup curry|per 100g|129|0,8|29,9|0,3
590|Cereal products and types of flour|Zemelen tarwe-|Wheat bran|per 100g|274|15,4|20,5|4,4
591|Cereal products and types of flour|Ontbijtproduct All-Bran Plus Kellogg's|Breakfast cereal All-Bran Plus Kellogg's|per 100g|334|14|48|3,5
593|Cheese|Kaas Brie 50+|Cheese Brie 50+|per 100g|318|23|0|25,1
595|Miscellaneous foods|Cacaoproduct poeder Ovomaltine|Cocoa product powder Ovomaltine|per 100g|370|11,2|75|1,7
596|Bread|Knackebrod goudbruin|Crispbread gold-brown|per 100g|410|12,3|72,3|6,6
598|Non-alcoholic beverages|Water 0-50 mg calcium p liter|Water 0-50 mg calcium p litre|per 100g|0|0|0|0
599|Non-alcoholic beverages|Water 50-100 mg calcium p liter|Water 50-100 mg calcium p litre|per 100g|0|0|0|0
600|Non-alcoholic beverages|Water >100 mg calcium p liter|Water >100 mg calcium p litre|per 100g|0|0|0|0
601|Fats and oils|Olie olijf-|Oil olive|per 100g|900|0|0|100
602|Fish, crustacean and shellfish|Zalm blik|Salmon tinned|per 100g|146|20,4|0|7,2
603|Fish, crustacean and shellfish|Paling gerookt|Eel smoked|per 100g|351|19,1|0|30,5
604|Fish, crustacean and shellfish|Makreel gestoomd|Mackerel steamed|per 100g|315|19,5|0,5|26,1
605|Milk and milk products|Krentjebrij Bessola|Porridge non-dairy barley w raisins Bessola|per 100g|75|0,6|17|0,3
606|Fats and oils|Olie Becel Blend Classic|Oil Becel Blend Classic|per 100g|900|0|0|100
607|Fats and oils|Olie saffloer-|Oil safflower|per 100g|900|0|0|100
608|Fats and oils|Olie mais/maiskiem-|Oil corn|per 100g|900|0|0|100
609|Savoury snacks|Nasischijf diepvries gefrituurd in plantaardige olie|Rice ball spiced frozen deep fried in vegetable oil|per 100g|298|5,8|30,7|16,7
610|Savoury snacks|Bamibal gefrituurd in plantaardige olie|Chinese noodle ball deep-fried in vegetable oil|per 100g|275|7|30|14
616|Savoury sauces|Saus sate- kant-en-klaar bereid|Peanut sauce ready-to-eat|per 100g|247|7,5|23,5|13,2
618|Savoury snacks|Zoutje luchtig aardappelbasis Nibb-it|Cocktail snacks based on potatoes Nibb-it|per 100g|482|3,3|65|22,5
619|Savoury snacks|Zoutje aardappel- Wokkels|Cocktail snacks Wokkels|per 100g|493|3,4|69|22
620|Savoury snacks|Fritessticks gem|Crisps potato straws av|per 100g|522|6,5|60,5|27,5
621|Sugar, sweets and sweet sauces|Pinda's omhuld m chocolade in krokant suikerlaagje M&M's|M&M's chocolate w peanuts|per 100g|511|9,8|59,1|25,3
622|Cereal products and types of flour|Puddingpoeder instant overige smaken|Blancmange instant various flavours powder|per 100g|387|0,2|94|1,1
630|Savoury snacks|Popcorn naturel gepoft z olie|Popcorn plain popped wo oil|per 100g|386|13|72|4
633|Pastry and biscuits|Bokkenpootje|Meringue cake Bokkenpootje|per 100g|454|5,5|61,6|20,3
634|Pastry and biscuits|Koek kokos-|Coconut flavoured cookies|per 100g|517|6|53|30,8
635|Pastry and biscuits|Koekje krakeling|Biscuit Dutch Krakeling|per 100g|497|6,7|61,1|24,8
636|Pastry and biscuits|Koek muesli-|Biscuit muesli|per 100g|394|6,5|54,1|16,1
638|Cold meat cuts|Worst cervelaat-|Salami sausage saveloy|per 100g|375|17,8|1,3|33
639|Cold meat cuts|Spek ontbijt-|Bacon rasher streaky|per 100g|312|15,7|0,5|27,5
640|Cold meat cuts|Worst lever-|Liver sausage|per 100g|294|14,5|1,8|25,3
641|Cold meat cuts|Bacon|Bacon|per 100g|188|18,5|0,5|12,4
642|Cold meat cuts|Pate room-|Pate|per 100g|360|9,6|5,7|33
643|Cold meat cuts|Casselerrib gerookt/gekookt|Pork side cured and smoked|per 100g|130|18,3|2,8|5,1
644|Non-alcoholic beverages|Koffie bereid|Coffee prepared|per 100g|1|0,2|0,1|0
645|Non-alcoholic beverages|Thee bereid|Tea prepared|per 100g|0|0|0|0
650|Vegetables|Kool rode m appeltjes diepvries gekookt|Cabbage red w apple pieces frozen boiled|per 100g|57|1,1|9,9|1
651|Vegetables|Spinazie a la creme diepvries gekookt|Spinach creamed frozen boiled|per 100g|44|2,9|0,8|3
653|Cereal products and types of flour|Ontbijtproduct Rice Krispies Kellogg's|Breakfast cereal Rice Krispies Kellogg's|per 100g|389|7|86|1,2
654|Cheese|Kaas huttenkase|Cheese cottage|per 100g|92|11,2|2,3|3,9
655|Bread|Beschuit volkoren/meergranen|Crispbakes Dutch wholemeal/multigrain|per 100g|394|14|69|5
657|Milk and milk products|Yoghurtdrank|Yoghurt drink|per 100g|57|1,6|12|0,1
658|Cereal products and types of flour|Rijst witte gekookt|Rice white boiled|per 100g|146|3,2|32,2|0,3
659|Cereal products and types of flour|Pasta witte gem gekookt|Pasta white av boiled|per 100g|142|5,1|27,7|0,9
660|Legumes|Bonen bruine blik/glas|Beans brown canned|per 100g|120|6,5|18|0,7
664|Non-alcoholic beverages|Sap grapefruit-|Juice grapefruit|per 100g|34|0,5|7,3|0
665|Fruits|Banaan bak- rijp rauw|Plantain ripe raw|per 100g|138|1,3|32|0
667|Potatoes and tubers|Cassave rauw|Cassava raw|per 100g|142|0,6|33,5|0,2
668|Potatoes and tubers|Taro rauw|Taro raw|per 100g|119|1,4|26,2|0,2
669|Potatoes and tubers|Yam rauw|Yam raw|per 100g|124|1,5|28,2|0,3
670|Potatoes and tubers|Pomtajer rauw|Tannia raw|per 100g|136|2|31|0
671|Potatoes and tubers|Aardappel zoete rauw|Potato sweet raw|per 100g|91|1,2|19,7|0,3
672|Vegetables|Agoemawiwiri rauw|Black nightshade raw|per 100g|60|5|7|1
673|Vegetables|Amsoi rauw|Mustard leaves raw|per 100g|32|2,5|3,2|0,3
674|Vegetables|Antroewa rauw|Antroewa raw|per 100g|30|1|6|0
675|Vegetables|Dagoeblad rauw|Dagoe leaf raw|per 100g|34|3|5|0
676|Vegetables|Kaisoi rauw|Kaisoi raw|per 100g|32|3|5|0
677|Vegetables|Klaroen rauw|Amaranth leaves raw|per 100g|56|4|7|1
679|Vegetables|Kousenband rauw|Beans long yard Kousenband raw|per 100g|43|3|7|0
680|Vegetables|Okra rauw|Okra raw|per 100g|23|1,9|1,8|0,2
681|Vegetables|Poeng rauw|Bottlegourd poeng|per 100g|31|1|6|0
682|Vegetables|Pompoen rauw|Pumpkin raw|per 100g|14|0,7|2|0,2
683|Vegetables|Sopropo rauw|Bitter gourd pods raw|per 100g|15|1|0,9|0,2
684|Vegetables|Tajerblad rauw|Tannia leaves raw|per 100g|19|2|2|0
685|Legumes|Bonen black eyed gedroogd|Beans black eyed dried|per 100g|367|23|62|2
686|Legumes|Erwten split- gele/groene gedroogd|Peas split yellow/green dried|per 100g|359|22|61|2
689|Vegetables|Avocado|Avocado|per 100g|186|2|1,8|18,4
690|Fruits|Guave (met roze vruchtvlees)|Guava (pink fleshed)|per 100g|75|2,6|10,9|1
691|Fruits|Limoen|Lime|per 100g|41|0,7|7,7|0,2
692|Fruits|Mango|Mango|per 100g|66|0,6|14,3|0,2
693|Fruits|Papaja|Papaya|per 100g|39|0,5|7,8|0,3
694|Herbs and spices|Tamarinde|Tamarind|per 100g|301|3|72|0
695|Cereal products and types of flour|Meel cassave-|Flour cassava|per 100g|354|0,9|82,7|0,5
696|Cereal products and types of flour|Meel mais-|Flour corn|per 100g|363|6,1|76,7|1,7
697|Pastry and biscuits|Bojo cassavetaart Surinaams|Cassava cake Bojo Surinam|per 100g|214|1,9|31|8,6
698|Meat and poultry|Rundvlees gezouten rauw Surinaams|Beef salted raw Surinam|per 100g|201|14,5|0|15,8
699|Meat and poultry|Rundvlees gezouten gedroogd Surinaams|Beef salted dried Surinam|per 100g|305|65|0|5
702|Fish, crustacean and shellfish|Garnalen gezouten gedroogd|Shrimps salted dried|per 100g|274|63|1|2
703|Fish, crustacean and shellfish|Bakkeljauw (gedroogde gezouten kabeljauw)|Cod dried salted|per 100g|355|82|0|3
704|Herbs and spices|Garnalenpasta trassie|Shrimp paste trassie|per 100g|208|37|2,5|5
712|Cereal products and types of flour|Rijst zilvervlies- rauw|Rice brown raw|per 100g|357|8,3|73,5|2,6
713|Pastry and biscuits|Wafel stroop- gem|Waffle syrup av|per 100g|473|3,8|70,2|19,3
714|Cheese|Kaas blauwschimmel Roquefort|Cheese Roquefort|per 100g|357|19|0|31
716|Cheese|Kaas Saint Paulin/Port Salut|Cheese Saint Paulin/Port Salut|per 100g|341|21,5|0|28,2
717|Sugar, sweets and sweet sauces|Chocolade melk- m hazelnoten|Chocolate milk w hazelnuts|per 100g|562|7,7|50,2|35,9
718|Cheese|Kaas Parmezaanse|Cheese Parmesan|per 100g|404|40|0|27
719|Cheese|Kaas room- zachte Mon Chou|Cheese cream soft Mon Chou|per 100g|316|6,8|2,4|31
721|Cheese|Kaas Limburgse|Cheese Limburger|per 100g|283|21|2|21
722|Cheese|Kaas Gruyere|Cheese Gruyere|per 100g|433|29|1,4|34,5
724|Cheese|Kaas Emmentaler|Cheese Emmenthaler|per 100g|387|29|0|30
725|Cheese|Kaas Cheddar|Cheese Cheddar|per 100g|415|25,5|0,1|34,4
726|Cheese|Kaas blauwschimmel Bluefort|Cheese Bluefort|per 100g|405|17,9|0|37
727|Sugar, sweets and sweet sauces|Bonbon m likeur|Chocolate w liqueur|per 100g|383|3,3|49,2|16,6
728|Cheese|Kaas room- zachte Boursin|Cheese cream soft Boursin|per 100g|411|7,5|3|41
729|Savoury sauces|Halvanaise|Mayonnaise low fat 40% oil|per 100g|400|1|9|40
736|Milk and milk products|Pudding vanille-|Blancmange vanilla|per 100g|89|3,9|13,7|2
737|Potatoes and tubers|Aardappelpuree instant- gem bereid|Potatoes mashed instant prepared average|per 100g|83|2,9|14,1|1,5
747|Non-alcoholic beverages|Mineraalwater m en z koolzuur gem|Mineral water sparkling and not sparkling av|per 100g|0|0|0|0
749|Fruits|Vlaaivulling blik|Flan filling tinned|per 100g|99|0,5|23|0,1
750|Sugar, sweets and sweet sauces|Marshmallows|Marshmallows|per 100g|329|4,6|77,3|0,1
751|Sugar, sweets and sweet sauces|Drop Engelse|Liquorice allsorts|per 100g|394|3,7|82|5,2
752|Sugar, sweets and sweet sauces|Winegum/fruitgom|Wine gum/ fruit gum|per 100g|319|5|74,2|0,2
757|Soups|Soep heldere m soepgroente en vermicelli|Soup clear w vegetables and noodles|per 100g|17|0,7|2,5|0,4
758|Soups|Soep heldere m vlees (rund/kip)|Soup clear w meat (beef/chicken)|per 100g|39|4,9|0,3|2
759|Soups|Soep heldere m soepgroente|Soup clear w vegetables|per 100g|10|0,4|1|0,3
760|Soups|Soep heldere m vlees (rund/kip) en vermicelli|Soup clear w meat (beef/chicken) and noodles|per 100g|46|5,1|1,9|2
761|Soups|Soep heldere m vlees (rund/kip) en soepgroente|Soup clear w meat (beef/chicken) and vegetables|per 100g|36|4,1|0,9|1,7
762|Soups|Soep heldere m vlees (rund/kip), soepgroente en vermicelli|Soup clear w meat (beef/chicken) vegetables and noodles|per 100g|42|4,4|2,1|1,7
763|Soups|Soep gebonden m soepgroente|Soup thickened w vegetables|per 100g|36|0,7|2,7|2,4
764|Soups|Soep gebonden m vlees (rund/kip)|Soup thickened w meat (beef/chicken)|per 100g|64|4,9|2,1|3,9
765|Soups|Soep maaltijd- m peulvruchten z vlees|Soup main course w legumes wo meat|per 100g|58|3,3|7|1
766|Soups|Soep maaltijd- m peulvruchten en vlees|Soup main course w legumes and meat|per 100g|99|6,3|9,3|3,3
767|Milk and milk products|Mousse chocolade- huishoudelijk bereid|Mousse chocolate home-made|per 100g|301|8,9|27,4|16,8
782|Cold meat cuts|Worst thee-|Sausage spiced and smoked|per 100g|329|12|0,5|31
783|Cold meat cuts|Worst paling-|Sausage w smoked bacon-bits|per 100g|308|13|4|26,6
784|Cold meat cuts|Ham achter-|Ham lean boiled|per 100g|134|18|2,5|5,7
785|Cold meat cuts|Ham schouder-|Ham shoulder medium fat boiled|per 100g|133|16,4|2,4|6,2
787|Mixed dishes|Ragout m vlees|Ragout w meat all types|per 100g|101|8,4|3,9|5,7
788|Mixed dishes|Goulash|Goulash|per 100g|112|10,5|2,5|6,6
789|Pastry and biscuits|Koek boter-|Cake butter Dutch Boterkoek|per 100g|456|4,6|49,7|26,1
790|Miscellaneous foods|Amandelspijs m ei|Almond paste w egg|per 100g|446|10,3|45,1|24,2
791|Soups|Soep heldere m vermicelli|Soup clear w noodles|per 100g|15|0,5|2,4|0,4
792|Soups|Soep gebonden m vlees (rund/kip) en soepgroente|Soup thickened w meat (beef/chicken) and vegetables|per 100g|55|2,9|3,2|3,3
796|Cold meat cuts|Worst incl leverproducten gem|Sausage incl liver products av|per 100g|343|15,7|2,5|29,9
797|Soups|Soep op groentebasis bereid pakje|Soup vegetable based dried packet prep|per 100g|23|0,5|3,3|0,8
798|Soups|Soep op vleesbasis bereid pakje|Soup meat based dried packet prepared|per 100g|13|0,7|2|0,2
799|Soups|Soep op peulvruchtenbasis bereid pakje|Soup legume based dried packet prepared|per 100g|45|2,7|6,2|0,5
800|Soups|Soep op groentebasis kant-en-klaar blik/zak/pak|Soup vegetable based ready-to-eat|per 100g|47|1,3|5,7|1,9
801|Soups|Soep op vleesbasis kant-en-klaar blik/zak/pak|Soup meat based ready-to-eat|per 100g|25|2|2,5|0,7
802|Soups|Soep op peulvruchtenbasis kant-en-klaar blik/zak/pak|Soup legume based ready-to-eat|per 100g|80|4|9,5|2,3
804|Cheese|Kaas schapen- vers|Cheese sheep fresh|per 100g|238|17|0|18,8
805|Alcoholic beverages|Kruidenbitter Jagermeister|Jagermeister herb liquor|per 100g|294|0|14|0
807|Sugar, sweets and sweet sauces|Spread fruit- m zoetstof|Fruit spread w sweetener|per 100g|156|0,4|59,2|0,2
809|Meat substitutes and dairy substitutes|Santen kokoscreme vast|Santen creamed coconut block|per 100g|686|6,8|12,9|67,3
810|Cold meat cuts|Filet americain|Beef steak tartare spiced filet americain|per 100g|240|14,2|3|18,8
811|Cereal products and types of flour|Pasta volkoren rauw|Pasta wholemeal raw|per 100g|344|13,3|64|2,2
812|Milk and milk products|Room zure|Cream sour|per 100g|134|3|3,4|12
813|Fish, crustacean and shellfish|Schol rauw|Plaice raw|per 100g|76|16,4|0|1,2
814|Fish, crustacean and shellfish|Vissticks gebakken in zonnebloemolie|Fish fingers fried in sunflower oil|per 100g|239|16,4|13,9|13
815|Fish, crustacean and shellfish|Vissticks onbereid|Fish fingers unprepared|per 100g|194|13|17|8
817|Fish, crustacean and shellfish|Schol gebakken|Plaice fried|per 100g|194|22|2|10,9
818|Fish, crustacean and shellfish|Lekkerbekje gefrituurd in plantaardige olie|White fish fillet in batter deep-fried in vegetable oil|per 100g|210|19|8,2|11,2
819|Fish, crustacean and shellfish|Kabeljauw gekookt|Cod boiled|per 100g|105|23|1|1
820|Fish, crustacean and shellfish|Kabeljauw rauw|Cod raw|per 100g|75|17,5|0|0,6
822|Fish, crustacean and shellfish|Bokking bak- gebakken|Bloater fried|per 100g|299|21,6|3|22,2
823|Herbs and spices|Peper zwarte/witte|Pepper black/white|per 100g|332|11|52|3
824|Herbs and spices|Mosterd|Mustard|per 100g|129|6,7|6,6|7,8
825|Herbs and spices|Nootmuskaat|Nutmeg powder|per 100g|536|6|45|36
826|Herbs and spices|Kaneel|Cinnamon|per 100g|316|4|56|3
827|Herbs and spices|Komijnzaad gedroogd|Cumin seed dried|per 100g|427|18|34|22
828|Herbs and spices|Kruidnagel|Cloves|per 100g|431|6|52|20
829|Herbs and spices|Bieslook vers|Chives fresh|per 100g|62|4|8|1
830|Vegetables|Knoflook rauw|Garlic raw|per 100g|158|6,4|31|0,5
831|Herbs and spices|Kervel vers|Chervil fresh|per 100g|44|4|3,6|1
832|Herbs and spices|Gemberwortel|Ginger root|per 100g|81|1,8|15,7|0,8
833|Pastry and biscuits|Appelcarre|Apple strudel|per 100g|278|3,7|38,6|11,7
835|Pastry and biscuits|Taart kwark-|Cheesecake made w quark|per 100g|218|5,5|21,4|12,2
836|Pastry and biscuits|Koekje zand-|Shortbread|per 100g|479|4,6|53,5|27
838|Nuts and seeds|Sesamzaad z schil|Sesame seeds wo hull|per 100g|632|22,7|1,8|57,4
839|Legumes|Bonen soja- gedroogd|Beans soya dried|per 100g|418|35,9|15,8|18,6
841|Miscellaneous foods|Zout m toegevoegd jodium|Salt fortified w iodine|per 100g|0|0|0|0
842|Herbs and spices|Bouillonpoeder|Stock powder|per 100g|197|20,2|17,8|5,1
843|Savoury snacks|Broodje worsten- diepvries bereid in oven|Snack sausage roll w bread dough frozen prepared in oven|per 100g|369|11|38|19
844|Savoury sauces|Dressing naturel z olie|Salad dressing natural wo oil|per 100g|32|0|7,9|0
845|Sugar, sweets and sweet sauces|Candybar Twix|Candybar Twix|per 100g|495|4,5|64,6|23,9
847|Cereal products and types of flour|Gierst rauw|Millet raw|per 100g|368|11,8|69,4|4,2
848|Fruits|Grapefruit op siroop blik/glas|Grapefruit in syrup canned|per 100g|66|0,5|15,5|0
849|Vegetables|Venkel rauw|Fennel raw|per 100g|17|1|2|0
850|Vegetables|Groente zoetzuur atjar tjampoer glas|Vegetables mixed pickled Atjar tjampoer glass|per 100g|42|1|7,6|0,2
851|Vegetables|Paprika zoetzuur glas|Sweet pepper pickled glass|per 100g|16|0,9|2|0,1
852|Savoury bread spreads|Salade selderij- lunch/borrel|Salad celeriac|per 100g|206|1|9,1|17,6
853|Mixed dishes|Gado gado z rijst en z ei|Gado gado wo rice and wo egg|per 100g|103|3,7|5|7
854|Pastry and biscuits|Taart vruchten- v biscuitdeeg m slagroom|Gateau fatless sponge w fruit & cream|per 100g|228|3,1|21,8|14,1
855|Pastry and biscuits|Speculaas gevulde|Biscuit spiced Speculaas w almond paste|per 100g|437|7,2|47,1|23,9
856|Potatoes and tubers|Rosti onbereid|Rosti unprepared|per 100g|123|2,5|21,5|2,5
857|Alcoholic beverages|Madeira|Madeira|per 100g|166|0|10|0
858|Herbs and spices|Juspoeder|Gravy instant powder|per 100g|342|10,8|55,2|8,2
859|Herbs and spices|Aroma vloeibaar|Seasoning flavoured liquid|per 100g|70|10,6|6,4|0,1
860|Herbs and spices|Aroma strooi-|Seasoning flavoured powder|per 100g|176|9,9|25|3,9
861|Non-alcoholic beverages|Sap bieten-|Juice beetroot|per 100g|34|0,9|7,7|0
862|Milk and milk products|Milkshake m vers fruit|Milkshake w fresh fruit|per 100g|97|2,4|17,2|1,9
863|Milk and milk products|Yoghurt vruchten- volle|Yoghurt full fat w fruit|per 100g|97|3,7|12,7|3,1
865|Mixed dishes|Sate kip- m saus bereid|Satay chicken w peanut sauce prepared|per 100g|175|13,1|9,1|9,3
866|Sugar, sweets and sweet sauces|Fruitgom pectine gesuikerd|Sweets fruit pectinbased|per 100g|341|0,3|84,2|0,3
867|Nuts and seeds|Lijnzaad|Linseeds|per 100g|477|19|13|31
869|Cereal products and types of flour|Meel soja-|Flour soya|per 100g|429|39,1|7,6|22,9
870|Meat substitutes and dairy substitutes|Drink soja- z suiker|Drink soya wo sugar|per 100g|35|3,4|1|1,8
871|Herbs and spices|Sojapasta miso|Miso soya paste|per 100g|130|11,7|6,2|5
872|Nuts and seeds|Zonnebloempitten|Sunflower seeds|per 100g|647|18|13|56,5
873|Pastry and biscuits|Biscuit meergranen- Liga Evergreen krenten|Biscuit w currants Liga Evergreen|per 100g|390|6,9|67|9,1
875|Fruits|Appel m schil gem|Apple w skin av|per 100g|56|0,3|12|0,2
876|Nuts and seeds|Pinda's gezouten|Peanuts salted|per 100g|620|24,8|13,2|50,5
878|Bread|Croissants uit blik afgebakken|Croissants canned baked|per 100g|421|7|46|22,6
879|Fats and oils|Boter gezouten|Butter salted|per 100g|737|0,7|1,1|81,2
880|Fats and oils|Smeltjus onbereid pakje|Fat for gravy unprepared Smeltjus|per 100g|650|1|4|70
882|Cheese|Kaas Kernhemmer 60+|Cheese Kernhem 60+|per 100g|443|18,6|0|40,6
883|Cheese|Kaas Old Amsterdam 48+|Cheese Old Amsterdam 48+|per 100g|404|26|0|33
884|Vegetables|Paprika rode rauw|Sweet pepper red raw|per 100g|25|0,8|4,3|0,1
885|Vegetables|Paprika rode gekookt|Sweet pepper red boiled|per 100g|28|0,9|5,1|0,1
893|Mixed dishes|Sate varkens- m saus bereid|Satay pork w peanut sauce prepared|per 100g|158|11,9|9,3|7,9
898|Cereal products and types of flour|Pasteibakje roomboter-|Vol -au-vent shell made w butter|per 100g|570|8,9|43,4|39,6
899|Cereal products and types of flour|Pasteibakje z roomboter|Vol -au-vent shell wo butter|per 100g|566|8,4|43,9|39,1
901|Savoury snacks|Broodje worsten-|Snack sausage roll w bread dough pastry|per 100g|382|11,8|34,2|21,8
908|Meat and poultry|Soepballetjes blik|Forcemeat balls for soup canned|per 100g|189|10|3,5|15
912|Milk and milk products|Pudding frambozen- m rode bessensaus|Blancmange raspberry w red currant sauce|per 100g|104|3,4|17,6|2,2
917|Milk and milk products|Kwark vruchten- halfvolle|Quark half fat w fruit|per 100g|109|5,9|12,8|3,5
918|Fish, crustacean and shellfish|Schol gekookt|Plaice boiled|per 100g|98|19|1|2
919|Fish, crustacean and shellfish|Koolvis (Atlantisch) gekookt|Pollock (Atlantic) boiled|per 100g|114|25|0|1,5
920|Vegetables|Broccoli gekookt|Broccoli boiled|per 100g|27|3,9|0,8|0,3
921|Vegetables|Broccoli rauw|Broccoli raw|per 100g|27|2,9|0,7|0,7
922|Vegetables|Courgette rauw|Courgettes raw|per 100g|18|1,3|2,3|0,2
923|Non-alcoholic beverages|Sap peren-|Juice pear|per 100g|39|0,1|9,5|0
925|Pastry and biscuits|Koek ontbijt- volkoren|Cake Dutch spiced Ontbijtkoek wholemeal|per 100g|308|3,1|67,7|1,7
927|Cheese|Kaas 20+ natriumarm|Cheese 20+ low sodium|per 100g|264|36,7|0|13
928|Cheese|Kaas 40+ natriumarm|Cheese 40+ low sodium|per 100g|339|29,4|0|24,6
929|Sugar, sweets and sweet sauces|Chocolade melk- suikervrij|Chocolate milk sugar-free|per 100g|485|7,1|47,8|34,7
930|Alcoholic beverages|Wijn pleegzusterbloed-|Wine medicinal pleegzusterbloedwijn|per 100g|154|0|14|0
931|Milk and milk products|Kwark vruchten- magere|Quark low fat w fruit|per 100g|80|8,6|10,3|0,2
938|Milk and milk products|Pudding griesmeel- m rode bessensaus|Blancmange semolina w red currant sauce|per 100g|113|2,8|20,5|2,2
940|Milk and milk products|Pudding vanille- m aardbeiensaus|Blancmange vanilla w strawberry sauce|per 100g|112|4,1|18,8|2,3
943|Savoury snacks|Bitterbal bereid in oven|Croquette Dutch Bitterbal prepared in oven|per 100g|302|11|23|18
944|Savoury snacks|Kroket vlees- bereid in oven|Croquette meat ragout prepared in oven|per 100g|204|8,9|20,9|9
948|Potatoes and tubers|Rosti bereid z vet|Rosti prepared wo fat|per 100g|149|1,9|22,8|5,1
950|Miscellaneous foods|Gist vers|Yeast fresh|per 100g|66|11,4|1|0,4
951|Vegetables|Bonen sperzie- gekookt|Beans French boiled|per 100g|25|1,8|2,2|0,4
952|Vegetables|Kool boeren- diepvries gekookt|Kale curly frozen boiled|per 100g|37|2|2,5|1,6
953|Vegetables|Doperwten diepvries gekookt|Peas frozen boiled|per 100g|92|6|14,8|0
954|Vegetables|Bonen sperzie- diepvries gekookt|Beans French frozen boiled|per 100g|34|1,8|5,4|0,1
957|Vegetables|Asperge witte gekookt|Asparagus white boiled|per 100g|21|1|3|0,3
958|Vegetables|Biet rode gekookt|Beetroot boiled|per 100g|30|1,2|4,6|0,1
959|Vegetables|Kool boeren- rauw|Kale curly raw|per 100g|33|3|1,6|0,6
960|Vegetables|Schorseneren gekookt|Salsify boiled|per 100g|84|1|17|1
961|Vegetables|Bonen snij- gekookt|Beans runner boiled|per 100g|23|1,8|1,9|0
962|Vegetables|Bonen tuin- gekookt|Beans broad boiled|per 100g|45|5|4|0
963|Vegetables|Doperwten gekookt|Peas fresh boiled|per 100g|69|4|11|0
964|Vegetables|Peultjes gekookt|Mange-tout boiled|per 100g|33|2|5|0
966|Vegetables|Courgette gekookt|Courgettes boiled|per 100g|19|1,5|2,3|0,1
967|Vegetables|Venkel gekookt|Fennel boiled|per 100g|17|1|2|0
969|Legumes|Kapucijners gekookt|Peas marrowfat boiled|per 100g|127|9,5|15,7|0,9
970|Legumes|Linzen groene en bruine gekookt|Lentils green and brown boiled|per 100g|99|8,8|11,6|0,7
971|Legumes|Bonen soja- gekookt|Beans soya boiled|per 100g|123|10,6|4,6|5,5
972|Legumes|Erwten groene gekookt|Peas green boiled|per 100g|126|8,4|17,2|0,8
975|Bread|Knackebrod sesam|Crispbread sesame|per 100g|421|12,8|67,8|9,8
976|Bread|Knackebrod lichtgewicht|Crispbread lightweight|per 100g|334|10|59|1,5
980|Pastry and biscuits|Sportvoeding reep Isostar Energy Bar|Sports food energy bar Isostar|per 100g|399|5|72,5|9,3
982|Potatoes and tubers|Aardappelen z schil gekookt gem|Potatoes wo skin boiled av|per 100g|83|1,9|17,4|0,3
995|Soups|Soep op groentebasis natriumarm bereid|Soup vegetable based low sodium prepared|per 100g|22|0,8|4|0,2
1007|Fruits|Granaatappel|Pomegranate|per 100g|91|1|17|1
1008|Milk and milk products|Toetje m room|Dairy dessert w cream|per 100g|105|2,5|15,3|3,8
1010|Fruits|Vijgen vers|Figs fresh|per 100g|84|1|19|0
1011|Bread|Roggebrood volkoren natriumarm|Rye bread wholemeal low sodium|per 100g|201|5,6|37,6|1,3
1013|Cereal products and types of flour|Paneermeel|Bread crumbs|per 100g|357|11,6|69,9|1,6
1014|Cereal products and types of flour|Rijst zilvervlies- gekookt|Rice brown boiled|per 100g|131|3,1|26,4|1
1015|Cereal products and types of flour|Tarwe gebroken bulgur rauw|Bulgur wheat raw|per 100g|340|12,3|63,4|1,3
1017|Bread|Tarweroggebrood volkoren|Wheat rye bread wholemeal|per 100g|234|9,7|40,9|1,9
1018|Cereal products and types of flour|Vlokken rogge-|Rye flakes|per 100g|318|8,1|57|1,7
1019|Cereal products and types of flour|Grutten boekweit-|Buckwheat groats|per 100g|353|7,5|76,4|1,4
1020|Cereal products and types of flour|Meel bak- zelfrijzend|Flour wheat self-raising|per 100g|334|9,8|69,2|1
1021|Vegetables|Artisjok rauw|Artichoke raw|per 100g|49|2|9,5|0
1022|Bread|Beschuit natriumarm|Cripsbakes Dutch low sodium|per 100g|399|14|71|6
1023|Cereal products and types of flour|Bloem rijste- verrijkt m vit B1|Flour rice fortified w vit B1|per 100g|380|7,5|85,3|0,9
1025|Miscellaneous foods|Gist gedroogd|Yeast dried|per 100g|390|48|36|6
1056|Fruits|Kiwi groene|Kiwi fruit green|per 100g|62|0,9|10,8|0,8
1057|Fruits|Kaki / Sharonvrucht|Kaki / Sharon fruit|per 100g|77|0,5|18,6|0
1065|Sugar, sweets and sweet sauces|Glucosepoeder|Preparation glucose powder|per 100g|364|0|91|0
1067|Foods for special nutritional use|Orisel-Junior p 100 ml Nutricia|Preparation ORS Orisel-Junior p 100 ml Nutricia|per 100ml|9|0|2,2|0
1068|Foods for special nutritional use|Orisel p 100 ml Nutricia|Preparation ORS Orisel p 100 ml Nutricia|per 100ml|9|0|2,2|0
1074|Fruits|Passievrucht|Passion fruit|per 100g|52|2,6|5,7|0,4
1076|Milk and milk products|Kefir|Kefir|per 100g|40|3,5|3,1|1,5
1087|Vegetables|Sla mol- rauw|Dandelion leaves raw|per 100g|55|3|8|1
1090|Fruits|Lychee|Lychees|per 100g|72|0,9|16,1|0,1
1094|Meat substitutes and dairy substitutes|Pate/smeerworst vegetarisch obv voedingsgist|Pate vegetarian based on nutritional yeast|per 100g|218|4,6|9,3|17,5
1095|Legumes|Erwten kikker- gekookt|Peas chick boiled|per 100g|138|7,6|15,9|3
1096|Fish, crustacean and shellfish|Zalm gerookt|Salmon smoked|per 100g|188|21,8|0,8|10,8
1097|Fish, crustacean and shellfish|Kaviaar|Caviar|per 100g|281|24|0|20,5
1098|Fish, crustacean and shellfish|Inktvis rauw|Squid raw|per 100g|73|16|0|1
1099|Fruits|Kumquat|Kumquat|per 100g|52|0,9|9,1|0,5
1100|Fish, crustacean and shellfish|Haring in (zoet)zuur|Herring pickled (sweet)sour|per 100g|208|16|0|16
1101|Fish, crustacean and shellfish|Slakken wijngaard-|Snails|per 100g|85|16|2|1,4
1104|Cheese|Kaas rook- 45+|Cheese smoked 45+|per 100g|331|21,2|1,8|26,2
1105|Fruits|Meloen water-|Melon water|per 100g|36|0,5|8|0
1106|Fruits|Meloen suiker-|Melon honeydew|per 100g|30|0,9|6,3|0
1108|Cheese|Kaas Rambol|Cheese Rambol|per 100g|291|13,6|2,3|25
1109|Cheese|Kaas smeer- 60+ Kiri|Cheese spread 60+ Kiri|per 100g|330|8,5|2|32
1110|Cheese|Kaas Stilton|Cheese Stilton|per 100g|388|21,3|0,1|33,4
1111|Cheese|Kaas Camembert 30+|Cheese Camembert 30+|per 100g|223|24|0|14
1112|Cheese|Kaas rauwmelkse 48+|Cheese raw milk 48+|per 100g|392|26|0|32
1113|Cheese|Kaas 48+ natriumarm|Cheese 48+ low sodium|per 100g|381|26,1|0|30,7
1116|Fruits|Meloen op siroop blik/glas|Melon in syrup canned|per 100g|80|0,5|19|0
1119|Vegetables|Doperwten extra fijn natriumarm blik/glas|Peas extra fine low sodium tinned|per 100g|51|4|6,5|0
1127|Non-alcoholic beverages|Sap citroen- vers|Juice lemon fresh|per 100g|47|0,4|8|0
1132|Non-alcoholic beverages|Sap tomatengroenten-|Juice tomato/vegetable|per 100g|21|1|4|0
1133|Vegetables|Champignon natriumarm blik/glas|Mushroom low sodium tinned|per 100g|18|2,1|0,2|0,4
1134|Alcoholic beverages|Kruidenbitter Berenburg|Berenburg herb liquor|per 100g|189|0|0|0
1136|Vegetables|Andijvie diepvries onbereid|Endive frozen unprepared|per 100g|9|1|0,3|0
1139|Vegetables|Doperwten m wortelen diepvries onbereid|Peas and carrots frozen unprepared|per 100g|58|3,8|7,1|0,4
1141|Vegetables|Groentemix Mexico Melange diepvries onbereid|Vegetable mixed Mexico frozen unprepared|per 100g|85|4,5|12|0,9
1143|Vegetables|Bonen snij- diepvries onbereid|Beans runner frozen unprepared|per 100g|28|1,9|3,6|0,1
1144|Vegetables|Groente soep- diepvries onbereid|Vegetables mixture for soup frozen unprepared|per 100g|25|2|3|0
1146|Vegetables|Spinazie gesneden diepvries onbereid|Spinach cut frozen unprepared|per 100g|20|2,3|1,1|0,3
1147|Vegetables|Spruitjes diepvries gekookt|Brussel sprouts frozen boiled|per 100g|47|2,3|5,6|0,7
1148|Vegetables|Bonen tuin- diepvries onbereid|Beans broad frozen unprepared|per 100g|87|7,5|9,3|0,6
1150|Potatoes and tubers|Aardappelschijfjes/-partjes ed diepvries onbereid|Potatoes slices/parts frozen unprepared|per 100g|134|2,5|21,2|3,8
1151|Cold meat cuts|Vleeswaren >30 g vet gem|Processed meat products >30 g fat av|per 100g|393|16,4|2,6|35,1
1152|Cold meat cuts|Worst salami|Sausage salami|per 100g|392|18,7|0,9|34,8
1155|Cold meat cuts|Gehakt gebraden (vleeswaar)|Meatloaf (processed meat product)|per 100g|304|12,8|5,6|25,6
1156|Non-alcoholic beverages|Sap tomatengroenten- natriumarm|Juice tomato/vegetable low sodium|per 100g|21|1|4|0
1157|Vegetables|Augurk zoetzuur natriumarm|Gherkins sweet pickled low sodium|per 100g|17|1,1|2,8|0
1158|Vegetables|Ui zilver- zoetzuur natriumarm glas|Onion silver-skin sweet pickled low sodium glass|per 100g|21|1|3|0
1159|Vegetables|Ui zilver- zoetzuur z suiker glas|Onion silverskin sweet pickled wo sugar glass|per 100g|21|1|3|0
1160|Vegetables|Augurk zoetzuur z suiker|Gherkins pickled wo sugar|per 100g|14|1,2|1,1|0,3
1161|Vegetables|Komkommerschijven zoetzuur glas|Cucumber sliced pickled glass|per 100g|9|0,7|1|0
1162|Cold meat cuts|Worst gekookte|Sausage cooked|per 100g|357|11,3|3,7|33
1171|Cold meat cuts|Vleeswaren 20-30 g vet gem|Processed meat products 20-30 g fat av|per 100g|310|13,7|2,9|26,9
1172|Cold meat cuts|Vleeswaren 10-20 g vet gem|Processed meat products 10-20 g fat av|per 100g|213|14,9|3,2|15,5
1182|Fruits|Appelmoes z suiker blik/glas|Apple sauce wo sugar tinned|per 100g|48|0,2|10,7|0
1187|Vegetables|Bamboespruiten blik/glas|Bamboo shoots tinned|per 100g|33|2|6|0
1211|Cold meat cuts|Vleeswaren <10 g vet gem|Processed meat products <10 g fat av|per 100g|144|18,4|2,5|6,5
1212|Miscellaneous foods|Zout mineraal- natriumarm LoSalt|Salt low sodium LoSalt|per 100g|0|0|0|0
1213|Savoury sauces|Ketjap zout|Soy sauce salt Ketjap|per 100g|211|2,8|50|0
1214|Savoury sauces|Ketjap zoet natriumarm|Soy sauce sweet low sodium Ketjap|per 100g|238|4,5|55|0
1215|Savoury sauces|Ketjap zoet|Soy sauce sweet Ketjap|per 100g|234|3,5|55|0
1216|Herbs and spices|Smaakversterker mononatriumglutamaat Ve-tsin|Monosodium glutamate Ve-tsin|per 100g|0|0|0|0
1220|Herbs and spices|Basilicum gedroogd|Basil dried|per 100g|244|23|10,1|4,1
1221|Herbs and spices|Chilipoeder|Chilli powder|per 100g|373|12|32|17
1223|Herbs and spices|Kerrie djawa|Curry powder djawa|per 100g|370|12|36,5|14
1224|Herbs and spices|Kervel gedroogd|Chervil dried|per 100g|303|23|38|4
1225|Herbs and spices|Peper cayenne- rood|Pepper red cayenne|per 100g|379|12|32|17
1226|Herbs and spices|Majoraan gedroogd|Marjoram dried|per 100g|319|13|42|7
1227|Herbs and spices|Mosterd natriumarm|Mustard low sodium|per 100g|126|6,5|3,1|9,5
1228|Herbs and spices|Oregano gedroogd|Oregano dried|per 100g|360|11|49|10
1229|Herbs and spices|Paprikapoeder|Paprika powder|per 100g|359|15|35|13
1230|Herbs and spices|Peterselie gedroogd|Parsley dried|per 100g|309|22|41|4
1231|Herbs and spices|Rozemarijn gedroogd|Rosemary dried|per 100g|374|5|46|15
1232|Herbs and spices|Sambal oelek|Pepper red hot paste|per 100g|36|1,6|4,9|0,7
1233|Herbs and spices|Sambal oelek natriumarm|Pepper red hot paste low sodium|per 100g|50|3|4|2
1234|Herbs and spices|Sambal gebakken|Pepper red hot fried paste|per 100g|250|4,4|15,5|18,5
1235|Herbs and spices|Selderij blad- vers|Celery leaves fresh|per 100g|16|1|2|0
1236|Herbs and spices|Serehpoeder|Lemon grass powder|per 100g|216|5|30|3
1238|Cold meat cuts|Worst lever- hausmacher|Liver sausage coarse hausmacher|per 100g|266|15,4|5,2|20,4
1239|Cold meat cuts|Worst smeerlever-|Liver pate sausage|per 100g|319|12,3|3|28,6
1242|Fruits|Vruchten op eigen sap blik/glas|Fruit in own juice tinned|per 100g|48|0,6|10,3|0,1
1253|Bread|Knackebrod vezelrijk|Crispbread high fibre|per 100g|350|13|48|6,5
1255|Fish, crustacean and shellfish|Makreel in water blik|Mackerel in water tinned|per 100g|257|18,6|0|20,3
1256|Sugar, sweets and sweet sauces|Marsepein|Marzipan|per 100g|420|5,3|64,2|15,3
1260|Savoury sauces|Mayonaiseproduct m yoghurt|Mayonnaise product w yoghurt|per 100g|281|0,9|13|25
1261|Foods for special nutritional use|Zuigelingenvoeding Nutrilon 1 p 100 ml|Infant formula Nutrilon 1 p 100 ml|per 100ml|66|1,3|7,3|3,4
1278|Mixed dishes|Babyvoeding maaltijd 6 mnd|Infant food meal 6 months|per 100g|72|3,3|8,7|2,3
1279|Mixed dishes|Kindervoeding maaltijd 15 mnd|Infant food meal 15 months|per 100g|70|3,6|9|1,9
1280|Fruits|Babyvoeding fruit 4 mnd|Infant food fruit 4 months|per 100g|58|0,5|13|0,1
1281|Vegetables|Babyvoeding groente 4 mnd|Infant food vegetables 4 months|per 100g|50|1,3|9,7|0,2
1294|Non-alcoholic beverages|Vruchtendrank m zuivel Taksi m suiker|Fruit drink w dairy Taksi w sugar|per 100g|32|0,1|7,9|0
1297|Meat and poultry|Spek rook- vet bereid|Bacon fat smoked prepared|per 100g|505|25|0|45
1302|Cheese|Kaas room- zachte Paturain|Cheese cream soft Paturain|per 100g|354|7|2,3|35,3
1305|Meat and poultry|Kip z vel rauw|Chicken wo skin raw|per 100g|139|20,5|0|6,3
1306|Meat and poultry|Kip soep- m vel rauw|Chicken for soup w skin raw|per 100g|247|19|0|19
1310|Fish, crustacean and shellfish|Scholfilet gebakken/gestoofd|Plaice fillet fried/simmered|per 100g|112|18,9|0,5|3,8
1311|Sugar, sweets and sweet sauces|Hagelslag chocolade- gem|Chocolate sprinkles av|per 100g|449|5,7|69,3|15,3
1312|Bread|Cracker luchtige Cracottes natural|Crispbread Cracottes naturel|per 100g|381|12|75|2,8
1314|Eggs|Ei kippen- gebakken|Egg whole chicken fried in margarine|per 100g|220|14,4|0,9|17,6
1315|Fish, crustacean and shellfish|Kabeljauwfilet gebakken/gestoofd|Cod fillet fried/simmered|per 100g|118|21,5|0,6|3,3
1317|Meat and poultry|Kip/bout z vel gegrild|Chicken wo skin grilled|per 100g|188|28,5|0,6|7,9
1321|Pastry and biscuits|Biscuit haver- Liga HaverKick|Biscuit Liga Haverkick|per 100g|397|5|65|12
1326|Meat and poultry|Gehakt hoh rul gebakken|Minced beef/pork shallow fried|per 100g|317|30,1|0,4|21,6
1338|Cereal products and types of flour|Ontbijtproduct Olvarit pap tarwe en rogge 8+ mnd|Breakfast cereal porridge Olvarit tarwe en rogge 8+ months|per 100g|376|11,6|72|2,1
1356|Pastry and biscuits|Biscuit meergranen- Liga Evergreen ov smaken|Biscuit Liga Evergreen assortment|per 100g|387|6,4|68|8,6
1361|Bread|Tarwebrood wit Turks|Wheat bread white Turkish|per 100g|250|8,5|49,3|1,5
1364|Sugar, sweets and sweet sauces|Turks fruit|Turkish Delight|per 100g|372|0|92,9|0
1365|Pastry and biscuits|Baklava|Baklava nut-honey cake|per 100g|461|10,4|49,2|24,5
1366|Pastry and biscuits|Tulumba tatlisi gefrituurde soesjes Turks|tulumba tatlisi fried eclair Turkish|per 100g|391|4,4|54,8|16,9
1367|Cold meat cuts|Worst droge sucuk Turks|Sausage dry sucuk Turkish|per 100g|446|20,4|6,7|37,5
1368|Cold meat cuts|Worst salam Turks|Sausage salam Turkish|per 100g|271|14,8|6,5|20,6
1369|Savoury snacks|Kikkererwten geroosterd leblebi Turks|Chick peas roasted leblebi Turkish|per 100g|400|21,3|53,6|8,1
1370|Vegetables|Druivenblad glas|Grape leaves glass|per 100g|33|3,3|1,8|0
1371|Vegetables|Tafelzuur tursu Turks|Vegetables pickled Turkish Tursu|per 100g|24|0,6|3,9|0
1375|Meat and poultry|Gehakt runder- kofte Turks bereid|Minced beef kofte Turkish prepared|per 100g|251|25,8|8,2|12,6
1376|Meat and poultry|Gehakt schapen- kofte Turks bereid|Minced mutton prepared Kofte Turkish|per 100g|203|22,6|3,8|10,6
1377|Mixed dishes|Groenteschotel m vlees turlu Turks bereid|Vegetable dish w meat turlu Turkish prep|per 100g|74|4,1|6,8|2,9
1380|Meat substitutes and dairy substitutes|Dessert soja- verrijkt m calcium en vitamines|Dessert soya fortified w calcium and vitamins|per 100g|85|3,1|13,4|1,9
1381|Meat substitutes and dairy substitutes|Drink soja- m suiker verrijkt m calcium en vitamines|Drink soya w sugar fortified w calcium and vitamins|per 100g|37|3|3|1,4
1382|Cheese|Kaas 30+ gem|Cheese 30+ av|per 100g|280|30,1|0|17,7
1389|Sugar, sweets and sweet sauces|Drop gem|Liquorice Dutch type av|per 100g|333|8,4|73,2|0,4
1390|Meat and poultry|Gehaktbal runder- m ei gebakken|Minced beef ball prepared w egg/crumbs|per 100g|308|27|5,2|19,8
1391|Meat and poultry|Spek mager bereid|Bacon lean prepared|per 100g|424|25,7|0,3|35,5
1392|Meat and poultry|Kipfilet bereid|Chicken fillet prepared|per 100g|158|30,9|0|3,8
1393|Vegetables|Ui gebakken in plantaardige olie|Onions fried in vegetable oil|per 100g|58|1,3|5,4|3
1395|Bread|Roggebrood volkoren/roggetarwebrood bruin gem|Rye bread wholemeal/rye wheat bread brown av|per 100g|196|5,8|36,1|1,3
1397|Vegetables|Tomaat gestoofd|Tomatoes stewed w vegetable oil|per 100g|59|0,9|1,9|5,1
1398|Vegetables|Kool boeren- glas|Kale curly glass|per 100g|25|2,4|0,9|0,6
1399|Vegetables|Sla ijsberg- rauw|Lettuce iceberg raw|per 100g|14|1|1,4|0,2
1400|Meat and poultry|Runderbiefstuk rauw|Beef rump steak raw|per 100g|108|22,9|0|1,8
1401|Meat and poultry|Runderbiefstuk v de haas rauw|Beef tenderloin steak raw|per 100g|116|23,7|0|2,3
1402|Meat and poultry|Runderentrecote rauw|Beef prime rib raw|per 100g|165|23|0|8,1
1404|Meat and poultry|Runderbaklappen rauw|Beef frying steak raw|per 100g|103|21,2|0|2
1405|Meat and poultry|Gehakt runder- rauw|Minced beef raw|per 100g|225|18,9|0,2|16,5
1406|Meat and poultry|Runderklapstuk rauw|Beef rib raw|per 100g|137|19,8|0|6,4
1407|Meat and poultry|Lever runder- rauw|Liver ox raw|per 100g|129|21|1,9|4,2
1408|Meat and poultry|Runderpoulet rauw|Beef stewing meat raw|per 100g|106|22,1|0|2
1409|Meat and poultry|Runderrollade rauw|Beef sirloin rolled raw|per 100g|109|23,2|0,2|1,7
1410|Meat and poultry|Runderrosbief rauw|Beef roast raw|per 100g|122|22,9|0|3,4
1411|Meat and poultry|Runderschenkel rauw|Beef shank raw|per 100g|117|22,6|0|3
1412|Meat and poultry|Runderriblappen rauw|Beef rib steak raw|per 100g|166|20,1|0|9,5
1413|Meat and poultry|Runder doorregen lappen rauw|Beef streaked/marbled raw|per 100g|147|20,6|0|7,2
1414|Meat and poultry|Rundersukadelappen rauw|Beef stewing steak raw|per 100g|135|21,3|0|5,5
1415|Meat and poultry|Rundertartaar rauw|Beef steak tartare raw|per 100g|137|21,1|0,3|5,7
1416|Meat and poultry|Rundertong rauw|Beef tongue raw|per 100g|188|17,3|0|13,2
1417|Meat and poultry|Varkensbraadworst rauw|Sausage pork Braadworst raw|per 100g|226|16,8|0,6|17,2
1418|Meat and poultry|Varkensfiletlappen rauw|Pork fillet raw|per 100g|128|23,3|0|3,9
1419|Meat and poultry|Varkensfricandeau rauw|Pork fricandeau part of leg raw|per 100g|120|22,9|0|3,2
1420|Meat and poultry|Varkenshamlappen rauw|Pork chop raw|per 100g|114|22,2|0|2,8
1421|Meat and poultry|Gehakt varkens- rauw|Minced pork raw|per 100g|177|20,1|0,3|10,7
1422|Meat and poultry|Varkenshaas rauw|Pork tenderloin raw|per 100g|105|22,4|0|1,7
1423|Meat and poultry|Varkenshamschijf rauw|Pork gammon steak raw|per 100g|191|19,8|0|12,4
1424|Meat and poultry|Varkenshaaskarbonade rauw|Pork loin chop raw|per 100g|156|23,2|0|7
1425|Meat and poultry|Varkensschouderkarbonade rauw|Pork shoulder chop raw|per 100g|186|19,1|0|12,2
1426|Meat and poultry|Lever varkens- rauw|Liver pork raw|per 100g|129|21,3|0,2|4,8
1427|Meat and poultry|Varkenskrabbetjes rauw|Pork spare rib raw|per 100g|250|18,3|0|19,6
1429|Meat and poultry|Varkensoester rauw|Pork tenderloin medaillon raw|per 100g|115|23,5|0|2,4
1430|Meat and poultry|Varkensschouderlappen rauw|Pork shoulder raw|per 100g|133|20,7|0|5,5
1431|Meat and poultry|Vink sla- rauw|Kromesky meat filled raw|per 100g|266|15,3|3,3|21,2
1432|Meat and poultry|Speklap rauw|Bacon rasher raw|per 100g|320|16,5|0|28,2
1434|Meat and poultry|Gehakt hoh rauw|Minced beef/pork raw|per 100g|233|19,2|0,3|17,2
1435|Meat and poultry|Hamburger rauw|Hamburger raw|per 100g|239|16,8|2,2|18
1436|Meat and poultry|Kalfsentrecote rauw|Veal prime rib raw|per 100g|150|21,4|0|7,2
1437|Meat and poultry|Vink kalfs- rauw|Veal olive raw|per 100g|159|20,7|0|8,5
1438|Meat and poultry|Kalfsfricandeau rauw|Veal fricandeau raw|per 100g|111|22|0|2,6
1439|Meat and poultry|Lever kalfs- rauw|Liver calf's raw|per 100g|108|17,7|2|3,3
1440|Meat and poultry|Kalfsschenkel rauw|Veal shank raw|per 100g|112|21,3|0|2,9
1441|Meat and poultry|Kalfstong rauw|Tongue calf raw|per 100g|168|17,6|0|10,9
1442|Meat and poultry|Kalfszwezerik rauw|Sweetbread raw|per 100g|89|18,4|0|1,7
1443|Meat and poultry|Lamsbout rauw|Lamb leg raw|per 100g|174|19,2|0|10,8
1444|Meat and poultry|Gehakt lams-/schapen- rauw|Minced lamb raw|per 100g|218|19,3|0|15,7
1445|Meat and poultry|Lamskarbonade rauw|Lamb chop raw|per 100g|223|19,2|0|16,3
1446|Meat and poultry|Lamszadel rauw|Lamb saddle raw|per 100g|256|18,6|0|20,2
1447|Meat and poultry|Lamsschouder rauw|Lamb shoulder raw|per 100g|187|20|0|11,9
1450|Sugar, sweets and sweet sauces|Chocolade puur suikervrij|Chocolate dark sugar-free|per 100g|454|5,3|42,1|33
1451|Sugar, sweets and sweet sauces|Chocolade melk- m hazelnoten z suiker|Chocolate milk w hazelnuts wo sugar|per 100g|498|8,9|46,5|35,4
1454|Vegetables|Biet rode zoetzuur glas|Beetroot pickled glass|per 100g|37|0,5|7,6|0,1
1455|Potatoes and tubers|Aardappelpureepoeder gem|Potato puree powder av|per 100g|368|8,6|70,2|4,6
1456|Potatoes and tubers|Frites voorgebakken diepvries onbereid|Chips pre-fried frozen unprepared|per 100g|146|2,3|24,4|3,8
1457|Potatoes and tubers|Aardappelen gebakken|Potatoes fried|per 100g|119|1,8|16,5|4,8
1458|Meat substitutes and dairy substitutes|Seitan gekruid|Seitan seasoned|per 100g|198|28,4|4|7,2
1459|Bread|Tarwekrentenbrood volkoren|Wheat currant bread wholemeal|per 100g|253|9,3|46,2|1,9
1460|Pastry and biscuits|Koek ontbijt- gember|Cake Dutch spiced Ontbijtkoek w ginger|per 100g|318|2,7|70,7|2,1
1461|Savoury bread spreads|Pasta sesam- tahin m toegevoegd zout|Sesame paste tahin salt added|per 100g|585|21,9|1,8|51,7
1462|Non-alcoholic beverages|Sap ananas-|Juice pineapple|per 100g|47|0,5|11,2|0
1463|Non-alcoholic beverages|Vruchtendrank 2 of meer vruchten|Fruit juice drink minimal 2 fruits|per 100g|43|0,2|10,7|0
1464|Milk and milk products|Melk chocolade- halfvolle|Milk chocolate-flavoured semi-skimmed|per 100g|76|3,3|11,9|1,6
1465|Alcoholic beverages|Likeur <15 vol% alc|Liqueur <15 vol% alcohol|per 100g|200|0|29|0
1466|Alcoholic beverages|Likeur >25 vol% alc|Liqueur >25 vol% alcohol|per 100g|291|0|29|0
1468|Alcoholic beverages|Bier zwaar >7 vol% alcohol|Beer >7 vol% alcohol|per 100g|64|0,5|4,3|0
1469|Milk and milk products|Room banketbakkers-|Cream custard|per 100g|143|3,6|22,9|4,1
1470|Pastry and biscuits|Berliner bol|Berliner pastry|per 100g|293|5,3|44,4|10
1471|Pastry and biscuits|Biscuit m chocolade|Biscuit w chocolate|per 100g|479|7,3|65,8|20
1472|Fats and oils|Creme au beurre|Butter cream|per 100g|567|0,6|40,4|44,8
1473|Pastry and biscuits|Donut ongevuld|Doughnut plain|per 100g|358|6|35,5|21,1
1474|Sugar, sweets and sweet sauces|IJs water-|Ice lolly|per 100g|75|0,2|18|0,2
1475|Pastry and biscuits|Soes slagroom-|Eclair w whipped cream filling|per 100g|283|4,1|15,1|22,9
1476|Pastry and biscuits|Taart schuim- m creme au beurre|Meringue w butter-cream|per 100g|391|4,6|50,7|18,7
1477|Pastry and biscuits|Koekje suikervrij|Biscuits sugar-free|per 100g|433|6,6|63,7|21,4
1478|Pastry and biscuits|Vlaai kruimel- m vruchten|Flan fruit and crumble topping|per 100g|199|3,3|30,9|6,4
1479|Pastry and biscuits|Taart Mon Chou-|Cheesecake made w cream cheese|per 100g|330|2,5|33,2|20,5
1480|Pastry and biscuits|Koekje PiM's sinaasappel|Biscuit Jaffa cakes/Cake PiM's|per 100g|373|3,6|60|12,5
1481|Bread|Wafel rijst- naturel m (zee)zout|Rice cakes puffed natural w (sea)salt|per 100g|392|7,8|81,3|3,2
1483|Mixed dishes|Stamppot boerenkool z vlees bereid|Kale curly w mashed potato wo meat prepared|per 100g|82|1,9|11,6|2,6
1484|Vegetables|Uitjes gebakken kant-en-klaar|Onions crisp fried ready-to-eat|per 100g|590|6|40|44
1485|Mixed dishes|Stamppot wortel/ui z vlees bereid|Hotchpotch carrots/onions wo meat prepared|per 100g|63|1,1|10|1,6
1486|Mixed dishes|Stamppot zuurkool z vlees bereid|Sauerkraut w mashed potato wo meat prep|per 100g|68|1,5|10,1|2
1487|Cheese|Kaas Brie 60+|Cheese Brie 60+|per 100g|369|17|1|33
1488|Savoury snacks|Kaassouffle diepvries onbereid|Pastry puff cheese filled frozen unprepared|per 100g|304|8,1|32,8|15,4
1489|Cheese|Kaas verse light 8% vet|Cheese fresh light 8% fat|per 100g|132|11,3|2,5|8,5
1491|Mixed dishes|Lasagne bolognese koelverse maaltijd|Lasagna bolognese ready to eat|per 100g|162|9|12,1|8,4
1492|Savoury sauces|Jus gem ongebonden bereid z juspoeder|Gravy average clear prep wo gravy instant powder|per 100g|340|0,2|0,3|37,6
1493|Mixed dishes|Taart hartige v brooddeeg m groente/kaas/ei|Tart w bread base w veg/egg/cheese|per 100g|159|7,9|13,5|7,8
1496|Savoury bread spreads|Salade vis- lunch/borrel|Salad fish|per 100g|304|8,6|6,9|26,8
1497|Savoury bread spreads|Salade ham-prei- lunch/borrel|Salad ham and leek|per 100g|243|3,6|7|21,9
1498|Savoury bread spreads|Salade kip-kerrie- lunch/borrel|Salad chicken curry|per 100g|285|8,8|6,9|24,3
1499|Savoury bread spreads|Salade ei- lunch/borrel|Salad egg|per 100g|255|7,3|5,6|22,3
1501|Herbs and spices|Mix kruiden- m gedroogde groente onbereid|Herb and dried vegetable mix unprepared|per 100g|311|9,5|57|3,8
1502|Milk and milk products|Yoghurt halfvolle|Yoghurt half fat|per 100g|50|4,2|4,3|1,5
1505|Savoury snacks|Chips light naturel|Crisps potato light unflavoured|per 100g|490|7,3|63,5|22
1506|Savoury snacks|Soesje kaas-|Eclair cheese cream filled|per 100g|317|6|8,6|28,5
1507|Sugar, sweets and sweet sauces|Borstplaat room-|Fondant cream|per 100g|346|0,7|79|3,1
1508|Sugar, sweets and sweet sauces|Bonbon|Chocolates filled/Belgium chocolate|per 100g|512|5,5|51,8|30,7
1509|Pastry and biscuits|Mueslireep m chocolade|Muesli bar w chocolate|per 100g|472|7,9|61,7|20,2
1512|Meat substitutes and dairy substitutes|Schnitzel vegetarisch obv soja/tarwe onbereid verrijkt m ijzer en vit B12 |Schnitzel vegetarian based on soya/wheat unprepared fortified w iron and vit B12|per 100g|192|15,5|14,5|7
1515|Savoury sauces|Saus op basis roux bereid|Sauce based on roux prepared|per 100g|84|2,4|6,5|5,3
1516|Savoury sauces|Saus op basis groentenat/melk bereid z vet|Saus op basis groentenat/melk bereid z vet|per 100g|46|2,2|7,2|0,9
1517|Savoury sauces|Saus op basis pakje <3% vet bereid|Sauce mix packet <3% fat prepared|per 100g|62|1,7|10,6|1,4
1518|Savoury sauces|Saus op basis pakje >3% vet bereid|Sauce mix packet >3% fat prepared|per 100g|76|1,2|7,8|4,4
1519|Non-alcoholic beverages|Bier alcoholvrij <0,1 vol% alcohol|Beer alcohol free <0,1 vol%|per 100g|26|0,3|6,1|0
1520|Alcoholic beverages|Bier alcoholarm 0,1-1,2 vol% alcohol|Beer low alcohol 0,1-1,2 vol%|per 100g|22|0,3|4,5|0
1521|Non-alcoholic beverages|Limonade vruchten- light|Juice drink light|per 100g|3|0|0,7|0
1522|Non-alcoholic beverages|Frisdrank light z cafeine|Soft drink light wo caffeine|per 100g|0|0|0|0
1523|Non-alcoholic beverages|Frisdrank light m cafeine|Cola light soft drink w caffeine|per 100g|0|0|0|0
1524|Savoury sauces|Saus tomaten- kant-en-klaar glas|Sauce tomato ready-to-eat jar|per 100g|68|1,6|6,9|3,3
1528|Soups|Bouillon v blokje bereid|Stock from cube prepared|per 100g|5|0,1|0,3|0,3
1530|Fats and oils|Boterproduct halfvolle|Butter product half fat|per 100g|337|0,3|0,7|37
1531|Mixed dishes|Stamppot rauwe andijvie z vlees bereid|Endive raw w mashed potatoes wo meat prepared|per 100g|65|1,9|12,7|0,4
1533|Mixed dishes|Taart hartige v bladerdeeg m groente/kaas/ei|Quiche w vegetables/cheese/egg|per 100g|215|8,7|12,7|14,1
1536|Meat and poultry|Runderbiefstuk bereid|Beef rump steak prepared|per 100g|146|29,3|0|3,2
1538|Meat and poultry|Runderentrecote bereid|Beef prime rib prepared|per 100g|192|31|0|7,5
1539|Meat and poultry|Runderbaklappen bereid|Beef frying steak prepared|per 100g|140|27,5|0|3,3
1540|Meat and poultry|Gehakt runder- rul gebakken|Minced beef shallow fried|per 100g|331|30,4|0,3|23,1
1541|Meat and poultry|Runderklapstuk bereid|Beef rib prepared|per 100g|187|29,6|0|7,6
1542|Meat and poultry|Lever runder- bereid|Liver ox prepared|per 100g|161|28,1|0|5,4
1543|Meat and poultry|Runderpoulet bereid|Beef stewing meat prepared|per 100g|216|30,9|0|10,2
1544|Meat and poultry|Runderrollade gebakken|Beef rolled prepared|per 100g|157|33,5|0,2|2,3
1545|Meat and poultry|Runderrosbief bereid|Beef roast prepared|per 100g|156|27,2|0,2|5,1
1546|Meat and poultry|Runderschenkel bereid|Beef shank prepared|per 100g|140|27,5|0|3,3
1547|Meat and poultry|Runderriblappen bereid|Beef rib steak prepared|per 100g|230|34,1|0|10,4
1548|Meat and poultry|Runder doorregen lappen bereid|Beef streaked/marbled prepared|per 100g|212|34,6|0|8,2
1549|Meat and poultry|Rundersukadelappen bereid|Beef stewing steak prepared|per 100g|189|33,4|0|6,1
1550|Meat and poultry|Rundertartaar bereid|Beef steak tartare prepared|per 100g|186|30,1|0,3|7,2
1551|Meat and poultry|Varkensbraadworst bereid|Sausage pork Braadworst prepared|per 100g|246|22,4|0,6|17,1
1552|Meat and poultry|Varkensfiletlappen bereid|Pork fillet prepared|per 100g|157|28,7|0|4,7
1553|Meat and poultry|Varkensfricandeau bereid|Pork fricandeau part of leg prepared|per 100g|158|31,2|0|3,7
1554|Meat and poultry|Varkenshamlappen bereid|Pork chop prepared|per 100g|167|31,1|0|4,7
1555|Meat and poultry|Gehakt varkens- gebakken|Minced pork prepared|per 100g|243|26,4|0,2|15,2
1556|Meat and poultry|Varkenshaas bereid|Pork tenderloin prepared|per 100g|142|28,7|0|3
1557|Meat and poultry|Varkenshamschijf bereid|Pork gammon steak prepared|per 100g|308|37,1|0|17,7
1558|Meat and poultry|Varkenshaaskarbonade bereid|Pork loin chop prepared|per 100g|179|28,5|0|7,3
1559|Meat and poultry|Varkensschouderkarbonade bereid|Pork shoulder chop prepared|per 100g|308|37,1|0|17,7
1560|Meat and poultry|Lever varkens- bereid|Liver pork prepared|per 100g|164|27,9|0|5,8
1561|Meat and poultry|Varkenskrabbetjes bereid|Pork spare rib prepared|per 100g|246|22,4|0,6|17,1
1563|Meat and poultry|Varkensoester bereid|Pork tenderloin medaillon prepared|per 100g|142|28,7|0|3
1564|Meat and poultry|Varkensschouderlappen bereid|Pork shoulder prepared|per 100g|170|27,6|0|6,6
1565|Meat and poultry|Vink sla- gebakken|Kromesky meat filled prepared|per 100g|277|20,7|1|21,1
1568|Meat and poultry|Gehaktbal hoh m ei gebakken|minced meat ball beef/pork w egg prepared|per 100g|262|20,5|5,3|17,4
1569|Meat and poultry|Hamburger bereid|Hamburger prepared|per 100g|255|22,5|0,9|17,9
1570|Meat and poultry|Kalfsentrecote bereid|Veal prime rib prepared|per 100g|166|27,5|0|6,3
1571|Meat and poultry|Vink kalfs- gebakken|Veal olive prepared|per 100g|186|30,1|0,3|7,2
1572|Meat and poultry|Kalfsfricandeau bereid|Veal fricandeau prepared|per 100g|121|25,2|0|2,2
1573|Meat and poultry|Lever kalfs- bereid|Liver calf's prepared|per 100g|172|27,9|2|5,8
1574|Meat and poultry|Kalfsschenkel bereid|Veal shank prepared|per 100g|140|27,5|0|3,3
1575|Meat and poultry|Lamsbout bereid|Lamb leg prepared|per 100g|256|25,6|0|17,1
1576|Meat and poultry|Gehakt lams- gebakken|Minced lamb prepared|per 100g|252|30,4|0,3|14,4
1577|Meat and poultry|Lamskarbonade bereid|Lamb chop prepared|per 100g|350|25,8|0|27,5
1578|Meat and poultry|Lamszadel bereid|Lamb saddle prepared|per 100g|308|24,7|0|23,2
1579|Meat and poultry|Lamsschouder bereid|Lamb shoulder prepared|per 100g|284|27,9|0|19,1
1583|Fish, crustacean and shellfish|Mosselen gebakken/gefrituurd in plantaardige olie|Mussels fried in vegetable oil|per 100g|268|17,2|7,2|19
1584|Fish, crustacean and shellfish|Inktvisringen gefrituurd in plantaardige olie|Squid rings deep-fried in vegetable oil|per 100g|440|26,2|13,8|31,1
1585|Fish, crustacean and shellfish|Heilbot gerookt|Halibut smoked|per 100g|211|19,4|0|14,8
1586|Fish, crustacean and shellfish|Makreelfilet gerookt|Mackerel fillet smoked|per 100g|301|21,1|0|24,1
1587|Fish, crustacean and shellfish|Zalm kweek- rauw|Salmon farmed raw|per 100g|179|20|0|11
1588|Fish, crustacean and shellfish|Ansjovis in olie blik|Anchovy in oil canned|per 100g|208|25|0,1|11,9
1589|Fish, crustacean and shellfish|Tonijn in olie blik|Tuna in oil tinned|per 100g|206|27|0,1|10,8
1590|Fish, crustacean and shellfish|Tonijn in water blik|Tuna in water tinned|per 100g|109|24,9|0|1
1595|Mixed dishes|Chili con carne|Chilli con carne bean dish|per 100g|134|8,3|10,5|5,6
1599|Sugar, sweets and sweet sauces|Fructosepoeder|Fructose powder|per 100g|396|0|99|0
1601|Meat and poultry|Gehaktbal runder- z ei gebakken|Minced beef ball prepared wo egg|per 100g|304|26,5|5,5|19,4
1605|Fish, crustacean and shellfish|Bokking gestoomd|Kippers steamed|per 100g|231|20,8|0,5|16,2
1607|Fish, crustacean and shellfish|Sprotfilet gerookt|Sprat fillet smoked|per 100g|212|19,9|0|14,8
1608|Fish, crustacean and shellfish|Makreel bereid in magnetron z toev|Mackerel prepared in microwave oven no ingredients added|per 100g|248|24,4|0|16,7
1609|Fish, crustacean and shellfish|Makreel in olie blik|Mackerel in oil tinned|per 100g|267|20|0,1|20,7
1610|Fish, crustacean and shellfish|Zalm kweek- bereid in magnetron z toev|Salmon farmed prep in microwave oven no ingredients added|per 100g|220|25,2|0|13,2
1611|Fish, crustacean and shellfish|Forel bereid in magnetron z toev|Trout prepared in microwave oven no ingredients added|per 100g|140|24,5|0|4,6
1612|Fish, crustacean and shellfish|Forel regenboog- bereid in magnetron z toev|Rainbow trout prepared in microwave oven no ingredients added|per 100g|167|23,7|0|8
1613|Fish, crustacean and shellfish|Kabeljauw bereid in magnetron z toev|Cod prepared in microwave oven no ingredients added|per 100g|98|23,5|0|0,4
1614|Fish, crustacean and shellfish|Schelvis bereid in magnetron z toev|Haddock prepared in microwave oven no ingredients added|per 100g|100|22,3|0|1,2
1615|Fish, crustacean and shellfish|Koolvis (Atlantisch) bereid in magnetron z toev|Pollack (Atlantic) prep in microwave oven no ingredients added|per 100g|108|24,5|0|1,2
1616|Fish, crustacean and shellfish|Wijting bereid in magnetron z toev|Whiting prepared in microwave oven no ingredients added|per 100g|101|22,1|0|1,4
1617|Fish, crustacean and shellfish|Schol bereid in magnetron z toev|Plaice prepared in microwave oven no ingredients added|per 100g|140|29|0|2,6
1618|Fish, crustacean and shellfish|Schar/tongschar bereid in magnetron z toev|Schar/tongschar bereid in magnetron z toev|per 100g|119|23,9|0|2,6
1619|Fish, crustacean and shellfish|Tong bereid in magnetron z toev|Sole prepared in microwave oven no ingredients added|per 100g|116|24,5|0|2,1
1620|Fish, crustacean and shellfish|Bot bereid in magnetron z toev|Flounder prepared in microwave oven no ingredients added|per 100g|106|21,9|0|2
1621|Fish, crustacean and shellfish|Poon bereid in magnetron z toev|Gurnard prepared in microwave oven no ingredients added|per 100g|171|26,1|0|7,4
1622|Fish, crustacean and shellfish|Baars rood- bereid in magnetron z toev|Ocean perch prepared in microwave oven no ingredients added|per 100g|128|22,3|0|4,3
1623|Fish, crustacean and shellfish|Zeewolf bereid in magnetron z toev|Wolf fish prepared in microwave oven no ingredients added|per 100g|127|25,2|0|2,9
1624|Fish, crustacean and shellfish|Paling bereid in magnetron z toev|Eel prepared in microwave oven no ingredients added|per 100g|207|24,3|0|12,2
1625|Fish, crustacean and shellfish|Paling zee- bereid in magnetron z toev|Paling zee- bereid in magnetron z toev|per 100g|199|24,3|0|11,4
1627|Fish, crustacean and shellfish|Kuit/hom gebakken|Soft/hard roe fried|per 100g|262|13,9|3,9|21,2
1628|Fish, crustacean and shellfish|Kuit/hom v bokking|Soft/hard roe from fat bloater|per 100g|155|24,5|0|6,3
1629|Fish, crustacean and shellfish|Kuit vis- gekleurd glas|Spawn/hard roe coloured glass|per 100g|126|19|0|5,5
1630|Fish, crustacean and shellfish|Mosselen in zuur glas|Mussels pickled glass|per 100g|106|17,2|2,2|3,1
1631|Fish, crustacean and shellfish|Garnalen in water blik|Shrimps in water tinned|per 100g|115|24,3|0,1|1,9
1632|Fish, crustacean and shellfish|Inktvis pijl- bereid in magnetron z toev|Squid prepared in microwave oven no ingredients added|per 100g|146|25,8|0|4,7
1633|Meat and poultry|Kip m vel bereid|Chicken w skin prepared|per 100g|226|25,3|0|13,8
1634|Meat and poultry|Kipfilet rauw|Chicken fillet raw|per 100g|109|23,3|0|1,8
1635|Meat and poultry|Kip z vel bereid|Chicken wo skin prepared|per 100g|183|27,3|0|8,2
1641|Meat and poultry|Kiprollade bereid|Chicken rolled prepared|per 100g|166|24|1,7|7
1642|Meat and poultry|Kiprollade rauw|Chicken rolled raw|per 100g|175|20,6|0,2|10,3
1643|Savoury snacks|Kipnuggets bereid in oven|Chicken nuggets prepared in oven|per 100g|259|14,4|18,4|13,7
1644|Savoury snacks|Kipnuggets bereid m frituurvet|Chicken nuggets prepared in frying fat|per 100g|277|17,5|12,2|17,1
1645|Meat and poultry|Kipburger gepaneerd bereid|Chicken burger breaded prepared|per 100g|307|14,5|9,9|23,2
1646|Meat and poultry|Varkenslappen bereid|Pork steak/chop prepared|per 100g|204|29,8|0,4|9,2
1647|Meat and poultry|Varkensribkarbonade bereid|Pork rib chop prepared|per 100g|177|28,4|0|7,1
1650|Cheese|Kaas geiten- verse|Cheese goat fresh|per 100g|207|13,4|1|16,6
1651|Sugar, sweets and sweet sauces|Stroop gerstemout-|Syrup barley malt|per 100g|283|4,4|66,4|0
1652|Sugar, sweets and sweet sauces|Stroop maismout-|Syrup corn|per 100g|287|2,3|69,4|0
1653|Sugar, sweets and sweet sauces|Stroop rijstmout-|Syrup rice malt|per 100g|292|0,3|72,6|0
1655|Non-alcoholic beverages|Diksap geconcentreerd|Fruit juice concentrated|per 100g|242|0,2|60|0
1656|Non-alcoholic beverages|Sap wortel-|Juice carrot|per 100g|29|0,4|6,4|0,2
1657|Non-alcoholic beverages|Sap zuurkool-|Juice sauerkraut|per 100g|7|0,7|1,1|0
1663|Meat and poultry|Rundvlees <5 g vet rauw gem|Beef <5% fat raw av|per 100g|108|22,6|0|2
1664|Meat and poultry|Rundvlees >5 g vet rauw gem|Beef >5% fat raw av|per 100g|218|18,4|1,5|15,3
1665|Meat and poultry|Rundvlees <10 g vet bereid gem|Beef <10% fat prepared av|per 100g|163|30,2|0|4,7
1666|Meat and poultry|Rundvlees >10 g vet bereid gem|Beef >10% fat prepared av|per 100g|290|26,9|1,2|19,7
1667|Meat and poultry|Varkensvlees <5 g vet rauw gem|Pork <5% fat raw av|per 100g|126|21,8|2,8|3
1668|Meat and poultry|Varkensvlees 5-14 g vet rauw gem|Pork 5-14% fat raw av|per 100g|165|20|0,5|9,1
1669|Meat and poultry|Varkensvlees >15 g vet rauw gem|Pork >15% fat raw av|per 100g|283|16,1|0,5|24
1670|Meat and poultry|Varkensvlees <10 g vet bereid gem|Pork <10% fat prepared av|per 100g|158|28,8|0|4,7
1671|Meat and poultry|Varkensvlees 10-19 g vet bereid gem|Pork 10-19% fat prepared av|per 100g|260|28,4|0,3|16,1
1672|Meat and poultry|Varkensvlees >19 g vet bereid gem|Pork >19% fat prepared av|per 100g|365|21,2|1,1|30,5
1673|Meat and poultry|Kalfsvlees <5 g vet gem rauw|Veal <5% fat raw av|per 100g|105|22|0|1,8
1674|Meat and poultry|Kalfsvlees >5 g vet gem rauw|Veal >5% fat raw av|per 100g|159|20,4|0|8,6
1675|Meat and poultry|Lamsvlees >10 g vet rauw gem|Lamb >10 g fat raw av|per 100g|221|19,3|0|16
1676|Meat and poultry|Vlees <5 g vet excl lever rauw gem|Meat av raw <5% fat excl liver|per 100g|113|22,8|0,7|2,1
1677|Meat and poultry|Vlees >5 g vet excl lever rauw gem|Meat av raw >5% fat excl liver|per 100g|211|18,6|1,1|14,7
1678|Potatoes and tubers|Aardappelschijfjes diepvries gefrituurd in plantaardige olie|Potatoes sliced frozen deep-fried in vegetable oil|per 100g|229|3,1|28|10,9
1679|Potatoes and tubers|Frites oven- diepvries bereid in oven|Chips oven frozen prepared in oven|per 100g|213|3,8|32,6|6,6
1680|Potatoes and tubers|Aardappelkroketten diepvries bereid|Potato croquettes frozen prepared|per 100g|239|3,4|28,2|12
1687|Foods for special nutritional use|Opvolgmelk Nutrilon 2 p 100 ml|Toddler formula Nutrilon 2 p 100 ml|per 100ml|68|1,4|8,6|3
1699|Savoury snacks|Koekje kaas-|Biscuits & snacks cheesy|per 100g|495|13,3|41,9|30,1
1719|Milk and milk products|Melk halfvolle verrijkt m calcium|Milk semi-skimmed fortified w calcium|per 100g|46|3,4|4,9|1,5
1720|Milk and milk products|Vla volle overige smaken|Custard several flavours full fat|per 100g|87|2,1|13,6|2,6
1721|Milk and milk products|Yoghurt vanille- halfvolle|Yoghurt vanilla half fat|per 100g|72|2,9|11,4|1,3
1722|Milk and milk products|Pap griesmeel-|Porridge semolina|per 100g|93|3|14|2,9
1723|Cheese|Kaas 20+|Cheese 20+|per 100g|246|34,5|0|12
1724|Cheese|Kaas 50+|Cheese 50+|per 100g|380|22,9|0|32,1
1725|Cheese|Kaas gaten- Hollandse 45+|Cheese Dutch in Swiss-style 45+|per 100g|370|27,6|0|28,5
1726|Cheese|Kaas 40+ Leidse/Friese nagel-|Cheese 40+ Leiden w cumin/Fries clove|per 100g|341|27,3|0|25,7
1764|Fruits|Babyvoeding fruit 12 mnd|Infant food fruit 12 months|per 100g|64|0,6|14,4|0,1
1770|Mixed dishes|Kindervoeding maaltijd 18 mnd|Infant food meal 18 months|per 100g|82|3,3|10,5|2,6
1771|Cold meat cuts|Leverkaas/Berliner leverworst|Liver pate/Berliner liver sausage|per 100g|319|12,3|4,5|27,6
1772|Cold meat cuts|Varkensfricandeau gebraden (vleeswaar)|Pork fricandeau fried (processed meat product)|per 100g|117|21,6|1,3|2,8
1773|Cold meat cuts|Zult zure|Brawn, pork pickled in vinegar|per 100g|264|12,5|1,7|23
1774|Cold meat cuts|Worst tongen-|Sausage tongue|per 100g|247|17,2|2|18,8
1775|Cold meat cuts|Spek ontbijt- gegrild|Bacon rasher streaky grilled|per 100g|261|15,2|0,5|22,1
1776|Cold meat cuts|Ham achter- gegrild|Ham lean grilled|per 100g|119|18,9|1,8|3,9
1777|Cold meat cuts|Ham been-|Gammon boiled deboned|per 100g|127|18,3|2,2|5
1779|Bread|Knackebrod volkoren|Crispbread wholemeal|per 100g|363|10,9|64|4
1788|Meat and poultry|Varkensribkarbonade rauw|Pork rib chop raw|per 100g|150|22,6|0|6,6
1789|Meat and poultry|Varkensschnitzel ongepaneerd bereid|Pork schnitzel not breaded prepared|per 100g|142|28,3|0|3,2
1790|Meat and poultry|Varkensschnitzel ongepaneerd rauw|Pork schnitzel not breaded raw|per 100g|109|22,6|0|2
1791|Milk and milk products|Room spuitbus m suiker|Cream whipped w sugar canned|per 100g|305|2,3|11|28
1792|Foods for special nutritional use|Maaltijdvervanger Modifast Intensive Muesli|Dfr Modifast Intensive Muesli|per 100g|358|35|38|5,8
1802|Bread|Knackebrod Sandwich Wasa|Crispbread Sandwich Wasa|per 100g|476|10,7|46,8|25
1803|Savoury sauces|Saus oosterse kant-en-klaar glas/zak|Sauce oriental ready-to-eat jar/bag|per 100g|64|1,5|13,3|0,4
1808|Milk and milk products|Creme fraiche|Creme fraiche|per 100g|293|2,6|2,8|30
1809|Cheese|Kaas 45+|Cheese 45+|per 100g|357|25,4|0|27,3
1810|Non-alcoholic beverages|Siroop vruchtenlimonade- Karvan Cevitam|Fruit drink concentrate Karvan Cevitam|per 100g|177|0,1|44|0
1811|Vegetables|Kousenband gekookt|Beans long yard Kousenband boiled|per 100g|29|2,7|2,5|0,2
1812|Fruits|Nectarine|Nectarine|per 100g|36|1|6,5|0,1
1813|Milk and milk products|Melkdrank Yakult original|Milk based drink Yakult original|per 100g|66|1,3|15|0
1832|Milk and milk products|Yoghurtdrank Vifit vruchten|Yoghurt drink Vifit fruit|per 100g|55|3,1|8,3|0,8
1876|Savoury bread spreads|Salade komkommer- lunch/borrel|Salad cucumber|per 100g|238|0,8|6,5|23
1877|Savoury bread spreads|Salade vlees- lunch/borrel|Salad meat|per 100g|286|5|8,2|25,7
1878|Non-alcoholic beverages|Vruchtendrank Roosvicee Multivit|Fruit juice drink Roosvicee Multivit|per 100g|36|0,1|8,6|0,1
1879|Herbs and spices|Aroma strooi- natriumarm|Seasoning flavoured powder low sodium|per 100g|235|22,1|27,9|3,6
1883|Herbs and spices|Bouillonpoeder natriumarm|Stock powder low sodium|per 100g|348|5,3|67,4|6,3
1885|Non-alcoholic beverages|Water gem|Water av|per 100g|0|0|0|0
1886|Savoury sauces|Chutney mango-|Mango chutney|per 100g|215|0,7|52|0,1
1887|Fruits|Dadels vers|Dates fresh|per 100g|139|1,5|31,3|0,1
1888|Fruits|Carambola|Carambola|per 100g|37|0,5|7,2|0,3
1889|Cereal products and types of flour|Couscous rauw|Couscous unprepared|per 100g|363|12|72,1|2,1
1890|Cereal products and types of flour|Gerst hele korrel rauw|Barley whole grain raw|per 100g|330|10,6|59,7|2,1
1891|Herbs and spices|Mierikswortel rauw|Horse-radish raw|per 100g|80|4,5|11|0,3
1892|Vegetables|Paksoi rauw|Cabbage pak-choi raw|per 100g|14|1|1,4|0,2
1893|Cheese|Kaas Bel Paese|Cheese Bel Paese|per 100g|374|25,4|0,1|30,2
1894|Legumes|Bonen kidney- rode gedroogd|Beans kidney red dried|per 100g|295|22,1|36,9|1,4
1895|Nuts and seeds|Noten pecan- ongebrand ongezouten|Pecan nuts unroasted unsalted|per 100g|721|9,2|4,4|72
1896|Nuts and seeds|Noten pistache- gezouten|Pistachio nuts salted|per 100g|592|23,8|10,8|48,3
1897|Vegetables|Zeewier kelp rauw|Seaweed kelp raw|per 100g|47|1,7|8,3|0,6
1898|Vegetables|Zeewier agar agar gedroogd|Seaweed agar agar dried|per 100g|336|6,2|73,2|0,3
1899|Fish, crustacean and shellfish|Jacobsschelpen rauw|Coquilles scallop shell St. Jacques raw|per 100g|83|16,8|2,4|0,8
1900|Meat and poultry|Geitenvlees rauw gem|Goat meat raw av|per 100g|103|20,6|0|2,3
1901|Meat and poultry|Nier varkens- rauw|Kidney pork raw|per 100g|86|15,5|0|2,7
1902|Meat and poultry|Nier runder- rauw|Kidney ox raw|per 100g|88|17,2|0|2,1
1903|Meat and poultry|Nier lams- rauw|Kidney lamb raw|per 100g|91|17|0|2,6
1904|Vegetables|Groenten gekookt gem|Vegetables av boiled|per 100g|30|1,7|3,6|0,4
1905|Vegetables|Groenten rauw gem|Vegetables av raw|per 100g|20|1|2,6|0,4
1906|Fruits|Fruit vers incl citrus- gem|Fruit fresh av including citrus|per 100g|61|0,7|12,8|0,2
1907|Cold meat cuts|Vleeswaren excl leverproducten gem|Processed meat prod excl liver av|per 100g|230|16,9|2,6|16,7
1908|Cold meat cuts|Vleeswaren <10 g vet excl leverprod gem|Processed meat prod <10 g fat excl liver av|per 100g|133|18,4|2,5|5,3
1909|Cold meat cuts|Worst excl leverproducten gem|Sausage excl liver products av|per 100g|352|16,3|2,5|30,7
1910|Cold meat cuts|Vleeswaren 20-30 g vet excl leverprod gem|Processed meat prod 20-30 g fat excl liver av|per 100g|311|13,8|3,2|26,9
1911|Cold meat cuts|Vleeswaren >30 g vet excl leverprod gem|Processed meat prod >30 g fat excl liver av|per 100g|395|17,6|2|35,1
1912|Savoury sauces|Saus Chinese zoetzure huishoudelijk bereid|Sauce Chinese soursweet home-made|per 100g|32|0,4|6,9|0,3
1913|Savoury sauces|Saus sate- huishoudelijk bereid m water m vet|Peanut sauce homemade w water w fat|per 100g|295|8,7|10,8|23,3
1914|Cereal products and types of flour|Brooddeeg (bodem voor pizza/hartige taart) onbereid|Dough for pizza and savoury pie unprepared|per 100g|231|5,6|37,6|5,9
1915|Pastry and biscuits|Soes ongevuld|Eclair wo filling|per 100g|223|6|13,8|15,9
1916|Milk and milk products|Room slag- geklopt m suiker|Cream whipped w added sugar|per 100g|348|2|16,5|30,4
1917|Pastry and biscuits|Vlaaibodem Limburgse|Flan bottom Limburg|per 100g|297|7,3|41,3|10,9
1932|Non-alcoholic beverages|Sap sinaasappel- m vruchtvlees|Juice orange w pulp|per 100g|42|0,7|8,7|0
1933|Non-alcoholic beverages|Sap tomatengroenten- Appelsientje Tomatientje|Juice tomato/vegetable Appelsientje Tomatientje|per 100g|14|0,7|2,5|0
1934|Non-alcoholic beverages|Sap tomaten- Appelsientje Zontomaat|Juice tomato Appelsientje Zontomaat|per 100g|17|0,9|2,8|0
1935|Nuts and seeds|Noten gemengd gezouten|Nuts mixed salted|per 100g|656|18,3|11|58,3
1936|Meat and poultry|Kalkoenfilet rauw|Turkey fillet raw|per 100g|110|24,8|0|1,2
1937|Savoury snacks|Chips tortilla naturel|Crisps tortilla unflavoured|per 100g|480|6,8|61,8|22
1938|Savoury sauces|Saus sate- op basis pakje bereid|Peanut sauce packet prepared|per 100g|148|4,2|19,8|5,6
1939|Cheese|Kaas blauwschimmel Gorgonzola|Cheese Gorgonzola|per 100g|359|19,4|0,1|31,2
1943|Savoury snacks|Zoutjes Japanse mix m pinda's|Japanese rice cracker mix w peanuts|per 100g|421|10,9|75,6|8
1945|Pastry and biscuits|Broodje pudding-|Bun w vanilla custard|per 100g|214|5,2|38|4,3
1953|Meat substitutes and dairy substitutes|Plantaardig alternatief voor vruchten-/vanilleyoghurt obv soja m suiker verrijkt m calcium en vitamines|Plant-based alternative to fruit/vanilla yoghurt based on soya sweetened fortified w calcium and vitamins|per 100g|66|3,4|8,7|1,7
1955|Cheese|Kaas Mozzarella gemaakt v koemelk|Cheese Mozzarella made from cow's milk|per 100g|253|18,7|0,7|19,5
1956|Fats and oils|Halvarineproduct Becel pro-activ|Low fat spread Becel pro-activ|per 100g|362|0,3|0,3|40
1957|Milk and milk products|Vla slagroom-|Custard of milk and whipped cream|per 100g|120|2,7|15,1|5,4
1958|Milk and milk products|Pap karnemelkse gorte-|Porrdige buttermilk groats|per 100g|53|3,6|8,1|0,5
1961|Fats and oils|Halvarineproduct Blue Band Goede Start|Low fat margarine prod Blue Band Goede Start|per 100g|347|0,3|1,1|38
1962|Sugar, sweets and sweet sauces|Hagelslag chocolade- melk|Chocolate sprinkles milk|per 100g|455|6,3|70,3|15,6
1963|Sugar, sweets and sweet sauces|Hagelslag chocolade- puur|Chocolate sprinkles dark|per 100g|446|5,8|67,4|15,3
1964|Sugar, sweets and sweet sauces|Pasta chocolade- melk|Spread chocolate milk|per 100g|570|2,4|61|35
1965|Pastry and biscuits|Biscuit melk- Liga Milkbreak|Biscuit Liga Milkbreak milkbiscuit|per 100g|444|9,2|62|17
1969|Pastry and biscuits|Cake m roomboter|Cake made w butter|per 100g|401|5,8|42,9|22,7
1972|Pastry and biscuits|Koekje roomboter- gem|Biscuits assorted w butter av|per 100g|448|5,3|60,7|20,1
1973|Foods for special nutritional use|Opvolgmelk Nutrilon 3 p 100 ml|Toddler formula Nutrilon 3 p 100 ml|per 100ml|66|1,3|8,4|2,9
1991|Cereal products and types of flour|Ontbijtproduct Olvarit pap 8 granen 12+ mnd|Breakfast cereal porridge Olvarit 8 granen 12+ months|per 100g|378|11,5|72,6|2,2
1999|Cereal products and types of flour|Ontbijtproduct Frosties Kellogg's|Breakfast cereal Frosties Kellogg's|per 100g|375|4,5|87|0,6
2002|Cereal products and types of flour|Ontbijtproduct Coco pops Kellogg's|Breakfast cereal Coco pops Kellogg's|per 100g|386|6,3|84|1,9
2004|Cereal products and types of flour|Ontbijtproduct All-Bran Fruit 'n Fibre Kellogg's|Breakfast cereal All-Bran Fruit n Fibre Kellogg's|per 100g|380|8|69|6
2005|Cereal products and types of flour|Ontbijtproduct Special K Original Kellogg's|Breakfast cereal Special K Original Kellogg's|per 100g|392|8|84|1,3
2006|Cereal products and types of flour|Ontbijtproduct Smacks Kellogg's|Breakfast cereal Smacks Kellogg's|per 100g|377|7,1|81|1,6
2007|Cereal products and types of flour|Ontbijtproduct Honey pops Loops Kellogg's|Breakfast cereal Honey pops Loops Kellogg's|per 100g|396|9,3|76|4,4
2009|Pastry and biscuits|Taart vruchten- v zandgebak|Tart fruit w shortbread base|per 100g|248|3,1|31,3|11,8
2010|Pastry and biscuits|Taart vruchten- v cakedeeg|Sponge cake w fruit|per 100g|197|2,6|25,1|9,2
2012|Foods for special nutritional use|Maaltijdvervanger Modifast Intensive Pudding|Dfr Modifast Intensive Pudding|per 100g|355|36,8|35,6|4,9
2013|Foods for special nutritional use|Maaltijdvervanger milkshake Modifast Intensive|Dfr Modifast Intensive Milkshake|per 100g|355|36,8|35,7|4,9
2024|Foods for special nutritional use|Sportvoeding Isostar Actifood|Sports food Isostar Actifood|per 100g|204|0,6|49,8|0
2027|Foods for special nutritional use|Sportvoeding Isostar Powertabs|Sports food Isostar power tabs|per 100g|320|0|79,9|0
2030|Meat substitutes and dairy substitutes|Gehakt fijn- vegetarisch obv mycoproteine onbereid|Minced meat vegetarian based on mycoprotein unprepared|per 100g|95|14,1|0,7|2,5
2031|Meat substitutes and dairy substitutes|Stukjes vegetarisch obv mycoproteine onbereid|Pieces/chunks vegetarian based on mycoprotein unprepred|per 100g|86|12,6|1,5|2,1
2041|Non-alcoholic beverages|Sportdrank AA-Drink Isotone|Sports drink AA Isotone|per 100g|23|0|5,7|0
2042|Non-alcoholic beverages|Sportdrank hypertone m koolhydraten|Sports drink hypertone w carbohydrates|per 100g|59|0|14,8|0
2047|Meat substitutes and dairy substitutes|Gehakt fijn- vegetarisch obv soja onbereid|Minced meat vegetarian based on soya unprepared|per 100g|148|20|5,8|3
2048|Nuts and seeds|Pinda's dry roasted|Peanuts dry roasted|per 100g|577|24|11|47
2049|Cereal products and types of flour|Rijst meergranen- rauw|Rice multi-grain raw|per 100g|351|9|74|1,5
2051|Cereal products and types of flour|Ontbijtproduct Brinta Wake Up drinkontbijt|Breakfast cereal Brinta Wake Up breakfastdrink|per 100g|350|5,7|72,5|1,2
2054|Mixed dishes|Babyvoeding maaltijd 12 mnd|Infant food meal 12 months|per 100g|72|3,6|9,6|1,7
2056|Fruits|Babyvoeding fruit 6 mnd|Infant food fruit 6 months|per 100g|65|0,6|14,5|0,2
2057|Meat and poultry|Lamsvlees <10 g vet rauw gem|Lamb <10 g fat raw av|per 100g|158|20,7|0|8,3
2058|Meat and poultry|Schapenvlees <10 g vet gem rauw|Mutton <10g fat raw av|per 100g|160|20,5|0|8,7
2059|Fats and oils|Halvarine 40% vet <17 g verz vetz gezouten|Low fat margarine 40% fat <17 g sat fa salted|per 100g|356|0,1|0,5|39,2
2060|Fats and oils|Halvarineproduct 35% vet <10g verz vetz ongezouten|Low fat margarine prod 35% fat <10 g sat fa unsalted|per 100g|320|0|1,2|35
2063|Fats and oils|Margarine 80% vet >24 g verz vetz gezouten|Margarine 80% fat >24 g sat fa salted|per 100g|719|0,1|0,3|79,7
2066|Fats and oils|Bak- en braadvet vloeib 97% vet <17g verz vetz gezouten|Cooking fat liquid 97% fat <17 g sat fa salted|per 100g|878|0,5|0,9|96,9
2067|Fats and oils|Bak- en braadvet vast 97% vet >17 g verz vetz gezouten|Cooking fat solid 97% fat >17 g sat fa salted|per 100g|873|0,3|0,5|96,7
2068|Fats and oils|Vet frituur- vloeibaar|Frying fat liquid|per 100g|900|0|0|100
2069|Fats and oils|Vet frituur- vast|Frying fat solid|per 100g|900|0|0|100
2072|Fats and oils|Margarineproduct 60% vet <17 g verz vetz ongez|Margarine product 60% fat <17 g sat fa unsalted|per 100g|541|0,1|0,1|60
2077|Fats and oils|Margarine vloeibaar 80% vet <17 g verz vetz gezouten|Margarine liq 80% fat <17 g sat fa salted|per 100g|735|0|0|81,6
2079|Non-alcoholic beverages|Drinkontbijt Coolbest FruitOntbijt|Breakfast drink Coolbest FruitOntbijt|per 100g|53|0,8|11,6|0,2
2081|Cereal products and types of flour|Ontbijtproduct Cornflakes|Breakfast cereal Cornflakes|per 100g|373|7,1|82,7|0,6
2083|Savoury sauces|Mayonaiseproduct m olijfolie|Mayonnaise product w olive oil|per 100g|642|1,1|1,9|70
2086|Non-alcoholic beverages|IJsthee m suiker 5-<7 g KH|Ice tea w sugar 5-<7 g CHO|per 100g|25|0|6,2|0
2087|Non-alcoholic beverages|IJsthee light|Ice tea light|per 100g|2|0,1|0,2|0,1
2088|Non-alcoholic beverages|IJsthee m suiker en zoetstof|Ice tea w sugar and sweetener|per 100g|18|0,1|4,1|0,1
2089|Meat and poultry|Struisvogelvlees rauw|Ostrich, raw|per 100g|121|22,9|0,4|3,1
2090|Meat and poultry|Kip drumstick m vel rauw|Chicken drumstick w skin raw|per 100g|147|19,1|0|7,9
2106|Potatoes and tubers|Frites bereid m hard vet|Chips fried in solid frying fat|per 100g|256|3,1|28|13,9
2107|Potatoes and tubers|Frites bereid m vloeibaar vet|Chips fried in liquid frying fat|per 100g|264|3,1|28|14,8
2108|Potatoes and tubers|Frites bereid gem|Chips prepared av|per 100g|263|3,1|28|14,7
2109|Potatoes and tubers|Cassave gekookt|Cassava boiled|per 100g|128|0,5|30,4|0,2
2110|Potatoes and tubers|Taro gekookt|Taro boiled|per 100g|102|1,2|22,4|0,2
2111|Potatoes and tubers|Yam gekookt|Yam boiled|per 100g|144|1,7|33|0,3
2112|Potatoes and tubers|Aardappel zoete gekookt|Potato sweet boiled|per 100g|63|1,7|12,3|0,2
2113|Vegetables|Pompoen gekookt|Pumpkin boiled|per 100g|14|0,6|1,8|0,3
2134|Non-alcoholic beverages|Limonade vruchten- Dubbelfrisss|Juice drink Dubbelfrisss|per 100g|22|0|5,5|0
2135|Non-alcoholic beverages|Limonade vruchten- Tintelfruit m suiker|Juice drink Tintelfruit w sugar|per 100g|22|0|5,4|0
2137|Non-alcoholic beverages|Limonade vruchten- Tintelfruit light|Juice drink Tintelfruit light|per 100g|12|0|2,9|0
2141|Non-alcoholic beverages|Mineraalwater m zoetstof|Mineral water w sweetener|per 100g|0|0|0|0
2142|Alcoholic beverages|Wijn witte zoete|Wine white sweet|per 100g|96|0,2|5,9|0
2144|Non-alcoholic beverages|Sap appel- verrijkt m vit C|Juice apple fortified w vitamin C|per 100g|45|0,2|11,1|0
2147|Savoury snacks|Zoutjes Japanse mix z pinda's|Japanese rice cracker mix wo peanuts|per 100g|387|8,5|86|0,9
2157|Cereal products and types of flour|Pasta volkoren gekookt|Pasta wholemeal boiled|per 100g|134|5,6|23,7|0,9
2158|Cereal products and types of flour|Couscous gekookt|Couscous boiled|per 100g|121|4|24|0,7
2159|Cereal products and types of flour|Gierst gekookt|Millet boiled|per 100g|123|3,9|23,1|1,4
2162|Pastry and biscuits|Cafe noir|Biscuit Cafe noir|per 100g|420|3,4|89|5,4
2163|Savoury snacks|Zoutje mais- Bugles|Crisps maize Bugles|per 100g|537|6,3|55|32
2173|Savoury snacks|Chips op basis v aardappelvlokken|Crisps based on potato dough|per 100g|522|4,2|51,8|32,5
2176|Nuts and seeds|Pijnboompitten|Pine nuts|per 100g|675|16,5|9,8|61,9
2177|Herbs and spices|Basilicum vers|Basil fresh|per 100g|48|3,1|5,1|0,8
2178|Savoury sauces|Pesto groene|Pesto green|per 100g|444|9|4,4|42,8
2190|Pastry and biscuits|Brownie m noten|Brownie w nuts|per 100g|447|5,1|50,9|24,3
2208|Foods for special nutritional use|Zuigelingenvoeding Hero Baby Standaard 1 p 100 ml|Infant formula Hero Baby Standaard 1 p 100 ml|per 100ml|67|1,4|7,2|3,5
2209|Foods for special nutritional use|Opvolgmelk Hero Baby Standaard 2 p 100 ml|Toddler formula Hero Baby Standaard 2 p 100 ml|per 100ml|69|1,6|9,2|2,8
2210|Foods for special nutritional use|Opvolgmelk Hero Baby Standaard 3 p 100 ml|Toddler formula Hero Baby Standaard 3 p 100 ml|per 100ml|70|1,8|8,8|3
2218|Non-alcoholic beverages|Sportdrank Extran Energy|Sports drink Extran Energy|per 100g|43|0|10,8|0
2219|Non-alcoholic beverages|Sportdrank Extran Hydro|Sports drink Extran Hydro|per 100g|22|0|5,5|0
2221|Pastry and biscuits|Biscuit baby- en dreumes- Bolletje|Biscuit baby/toddler Bolletje|per 100g|428|8,5|70,5|12
2227|Pastry and biscuits|Biscuit fourre|Biscuit filled|per 100g|473|5,5|73,2|17,1
2228|Pastry and biscuits|Koekje Scholiertje|Biscuit w chocolate layer Scholiertje|per 100g|493|6,3|62,5|23,5
2229|Bread|Cracker VitaLU|Cracker VitaLU|per 100g|445|12,3|67|12,3
2231|Bread|Wafel rijst- m chocolade|Rice cakes puffed w chocolate|per 100g|502|6,8|60,3|24,9
2232|Pastry and biscuits|Biscuit fruit-|Biscuit fruit|per 100g|396|5,5|76,3|7,1
2233|Pastry and biscuits|Koek ontbijt- m rozijnen|Cake Dutch spiced Ontbijtkoek w raisin|per 100g|315|2,7|71,5|1,2
2234|Pastry and biscuits|Graanreep Hero B'tween|Cereal bar Hero B'tween|per 100g|444|6,9|62|17,7
2235|Pastry and biscuits|Graanreep z suiker|Cereal bar wo sugar|per 100g|339|7,3|67,3|10,3
2237|Pastry and biscuits|Graanreep Special K Kellogg's|Cereal bar Special K Kellogg's|per 100g|400|4,6|79,5|6,5
2238|Pastry and biscuits|Graanreep m melk Kellogg's|Cereal bar w milk Kellogg's|per 100g|417|6|72,3|11,3
2239|Pastry and biscuits|Mueslireep|Muesli bar|per 100g|455|8,2|64,8|16,8
2240|Milk and milk products|Melk geiten- volle|Milk goats- full fat|per 100g|64|3,3|4,3|3,7
2241|Milk and milk products|Yoghurtsnack Breaker|Yoghurt snack Breaker|per 100g|102|3,4|13,3|3,5
2244|Milk and milk products|Yoghurt room- m vruchten|Yoghurt cream- w fruit|per 100g|141|2,9|13,7|7,8
2246|Milk and milk products|Kwark vruchten-/vanille- magere m zoetstof|Quark low fat w fruit/vanilla w sweetener|per 100g|47|7,2|4,1|0,1
2248|Milk and milk products|Kwark vruchten- Danoontje|Quark w fruit Danoontje|per 100g|96|6,4|9,9|3
2250|Sugar, sweets and sweet sauces|IJs Festini|Ice lolly Festini|per 100g|100|0,2|24|0,2
2251|Milk and milk products|IJs room/vanille- m chocoladecoating|Ice cream dairy w chocolate coating|per 100g|324|4,3|34|18,7
2252|Milk and milk products|IJs room/vanille- m fruitcoating|Ice cream dairy w fruitcoating|per 100g|134|1,5|24|3,5
2254|Milk and milk products|Yoghurtdrank m zoetstof|Yoghurt drink w sweetener|per 100g|24|2,7|3,4|0
2255|Milk and milk products|Yoghurtdrank m zoetstof Fristi|Yoghurt drink Fristi w sweetener|per 100g|24|1,8|3,2|0
2257|Milk and milk products|Drinkontbijt Goede Morgen Vifit|Breakfast drink Goede Morgen Vifit|per 100g|55|3,4|7,9|0,8
2258|Milk and milk products|Yoghurtdrank Actimel naturel|Yoghurt drink Actimel plain|per 100g|70|3|10,8|1,6
2261|Meat substitutes and dairy substitutes|Drink soja- Groeidrink 1-3+ Alpro|Drink soya Groeidrink 1-3+ Alpro|per 100g|60|2,4|8|2
2262|Meat substitutes and dairy substitutes|Plantaardig alternatief voor room obv soja|Plant-based alternative to cream based on soya|per 100g|161|2,2|2,6|15,7
2264|Cheese|Kaas 10+|Cheese 10+|per 100g|187|32,2|0,2|6,4
2265|Milk and milk products|Melkdrank Yakult Balance|Milk based drink Yakult Balance|per 100g|58|1,2|14|0
2266|Sugar, sweets and sweet sauces|Chocolade witte|Chocolate white|per 100g|552|6,4|58,1|32,6
2267|Milk and milk products|Vla magere m zoetstof|Custard no fat w sweetener|per 100g|47|3,4|8,2|0
2268|Milk and milk products|Creme fraiche halfvolle|Creme fraiche half fat|per 100g|165|3,1|4|15
2271|Cereal products and types of flour|Pasta glutenvrij rauw|Pasta gluten free raw|per 100g|358|9|73,7|2,5
2272|Pastry and biscuits|Taartbodem v biscuitdeeg|Fatless sponge|per 100g|263|7,5|48,4|4,2
2275|Milk and milk products|Room kook-|Cream cooking|per 100g|212|2,4|5|20,2
2276|Milk and milk products|Room kook- light|Cream cooking light|per 100g|101|3,2|5,8|7,2
2278|Milk and milk products|Yoghurt volle Activia m granen/muesli|Yoghurt full fat w cereal/muesli Activia|per 100g|104|3,6|12,6|3,6
2279|Milk and milk products|Room kook- Blue Band Finesse voor koken|Cream type product Blue Band Finesse voor koken|per 100g|160|2|4|15
2287|Non-alcoholic beverages|Siroop vruchtenlimonade- m suiker en zoetstof 40-45 g KH|Fruit drink conc w sugar and sweetener 40-45 g CHO|per 100g|170|0|42,5|0
2289|Non-alcoholic beverages|Siroop vruchtenlimonade- light|Fruit drink concentrate light|per 100g|8|0|1,8|0
2290|Meat substitutes and dairy substitutes|Kokosmelk|Coconut milk|per 100g|173|1,4|2,5|17,4
2292|Sugar, sweets and sweet sauces|Snoepje suikervrij|Candy sugar-free|per 100g|240|1,1|89,3|2,1
2293|Vegetables|Tomaat in blik|Tomatoes tinned|per 100g|24|1,1|3,7|0,4
2296|Fish, crustacean and shellfish|Koolvis (Atlantisch) rauw|Pollack (Atlantic) raw|per 100g|82|18|0|1,1
2297|Fish, crustacean and shellfish|Tonijn rauw|Tuna raw|per 100g|101|23,7|0|0,7
2298|Fish, crustacean and shellfish|Tong rauw (vis)|Sole raw|per 100g|76|14,7|0|1,9
2299|Fish, crustacean and shellfish|Tilapia rauw|Tilapia raw|per 100g|86|17,9|0|1,6
2300|Meat and poultry|Worst rook- magere gekookt|Sausage smoked lean cooked|per 100g|254|14|3,3|20,5
2301|Meat and poultry|Worst rook- runder gekookt|Sausage smoked beef cooked|per 100g|240|13|2|20
2302|Meat and poultry|Worst knak- magere blik/glas|Sausage frankfurter lean tinned|per 100g|136|12|6|7
2303|Cold meat cuts|Worst gekookte magere|Sausage cooked lean|per 100g|221|14|3|17
2304|Cold meat cuts|Worst cervelaat- magere|Salami sausage saveloy lean|per 100g|241|23|0,1|16,5
2306|Cold meat cuts|Worst boterham- magere|Sausage luncheon meat lean|per 100g|163|11,6|6,4|10,1
2308|Milk and milk products|Yoghurtdrank Becel pro-activ|Yoghurt drink Becel pro-activ|per 100g|45|3|4,5|1,5
2311|Alcoholic beverages|Breezer|Breezer|per 100g|74|0|9,9|0
2312|Cereal products and types of flour|Roti v bloem (sada roti)|Roti Surinam pancake|per 100g|307|6,9|48,8|8,6
2313|Meat and poultry|Rundvlees gezouten gekookt Surinaams|Beef salted cooked Surinam|per 100g|271|27,4|0|17,9
2314|Legumes|Erwten split- gele gekookt|Peas split yellow boiled|per 100g|126|8,4|18,6|0,6
2315|Potatoes and tubers|Pomtajer bereid z vet|Tannia prepared wo fat|per 100g|99|3,4|17,2|0,3
2316|Vegetables|Tajerblad bereid z vet|Tannia leaves prepared wo fat|per 100g|38|4,6|0,9|1,1
2317|Mixed dishes|Bruine bonen m rijst Surinaams|Brown beans w rice Surinam|per 100g|147|7,7|16,6|4,8
2318|Mixed dishes|Roti v bloem en aardappel|Roti w white flour and potato|per 100g|218|4,9|35,9|5,6
2319|Mixed dishes|Saus m gele spilterwten Dahl Surinaams|Sauce w yellow split peas Dahl Surinam|per 100g|151|7,7|17,5|4,2
2320|Mixed dishes|Ovenschotel m pomtajer Pom Surinaams|Casserol w tannia Pom Surinam|per 100g|119|8,4|6,8|5,9
2321|Mixed dishes|Groente-vlees schotel Moksi-alesi Surinaams|Dish w veg and meat Moksi-alesi Surinam|per 100g|123|7,8|14,2|3,4
2322|Potatoes and tubers|Aardappelpuree instant- bereid m halfvolle melk|Potatoes mashed instant prep w s-sk milk|per 100g|96|4,1|16,5|1,3
2323|Potatoes and tubers|Aardappelpuree instant- bereid m water|Potatoes mashed instant prepared w water|per 100g|71|1,7|11,8|1,6
2324|Potatoes and tubers|Aardappelpuree vers bereid m halfvolle melk z vet|Potatoes mashed fresh prep w s-sk milk wo fat|per 100g|74|2,3|14,1|0,6
2325|Potatoes and tubers|Aardappelen m schil gekookt gem|Potatoes boiled w skin av|per 100g|74|1,4|15,4|0,3
2326|Potatoes and tubers|Aardappelkroketten diepvries onbereid|Potato croquettes frozen unprepared|per 100g|169|2,7|24,8|6
2329|Pastry and biscuits|Koek ontbijt- minder suiker|Cake Dutch spiced Ontbijtkoek less sugar|per 100g|287|3,2|59,2|1,5
2331|Vegetables|Bamigroenten gekookt|Bami vegetables boiled|per 100g|19|1,2|2|0,2
2333|Meat and poultry|Gehakt rauw gem|Minced meat raw av|per 100g|222|19,3|0,2|15,9
2334|Meat and poultry|Gehaktbal half-om-half m ei en paneermeel rauw|Minced meat ball beef/pork raw w egg/brcrumbs|per 100g|237|18,3|5,2|15,7
2335|Meat and poultry|Vlees gem excl lever rauw|Meat av raw excl liver|per 100g|181|19,9|0,9|10,8
2336|Meat and poultry|Rundvlees gem rauw|Beef av raw|per 100g|201|19,1|1,3|13,2
2337|Meat and poultry|Gehaktbal runder- m ei en paneermeel rauw|Minced beef ball raw w egg and breadcrumbs|per 100g|230|18|5,1|15
2339|Meat and poultry|Vink runder- rauw|Beef olives raw|per 100g|209|16,6|3,2|14,2
2340|Meat and poultry|Varkensschnitzel gepaneerd rauw|Pork schnitzel breaded raw|per 100g|142|20,6|8,1|2,8
2341|Meat and poultry|Kipfilet gepaneerd rauw|Chicken fillet breaded raw|per 100g|131|21,5|5,6|2,3
2342|Meat and poultry|Kipfilet omhuld m beslag rauw|Chicken fillet in batter raw|per 100g|115|21|3,2|2
2343|Milk and milk products|Pudding gelatine-|Jelly|per 100g|59|1,8|13|0
2344|Meat and poultry|Varkens cordon bleu rauw|Pork filled w ham and cheese raw|per 100g|153|20,4|5,8|5,2
2345|Nuts and seeds|Pinda's suiker-|Peanuts sugar coated|per 100g|536|15,1|47,1|31
2346|Vegetables|Sla gem rauw|Lettuce av raw|per 100g|16|1,6|1|0,3
2347|Cereal products and types of flour|Tortellini gekookt|Tortellini boiled|per 100g|155|7,7|23,3|3,1
2348|Bread|Tarwebrood volkoren gem v fijn en grof m pompoenpitten|Wheat bread wholemeal av fine and coarse w pumpkin seeds|per 100g|275|13,4|34,7|7,6
2349|Bread|Meergranenbrood gem v wit en bruin m zaden m extra lijnzaad|Multigrain bread av white and brown w seeds w extra linseed|per 100g|287|13,1|36|7,9
2350|Bread|Meergranenbrood gem v wit en bruin m zaden|Multigrain bread av white and brown w seeds|per 100g|261|12,3|39,1|4,8
2351|Bread|Tarwebrood wit gem v melk- en waterwit|Wheat bread white av milk/water based|per 100g|250|9,1|48,1|1,7
2352|Bread|Tarwekrentenbrood wit m spijs |Wheat currant bread white w almond paste|per 100g|303|8,2|51,7|6,1
2353|Bread|Tarwemueslibrood bruin/volkoren|Wheat muesli bread brown/wholemeal|per 100g|295|10,6|42,5|7,6
2354|Bread|Tarwenotenbrood volkoren |Wheat nut bread wholemeal |per 100g|298|12,2|34,5|10,9
2355|Bread|Tarwesuikerbrood wit|Wheat sugar bread white|per 100g|306|7,9|60,5|3
2356|Bread|Tarwestokbrood wit m kaas en uien|Wheat baguette white w cheese and onion|per 100g|243|10|35,9|6
2357|Bread|Tarwebrood volkoren gem v fijn en grof m zonnebloempitten|Wheat bread wholemeal av fine and coarse w sunflower seeds|per 100g|284|11,9|35,9|8,7
2358|Bread|Tarwebrood wit gem v melk- en waterwit m zonnebloempitten|Wheat bread white av milk/water based w sunflower seeds|per 100g|297|10,2|43,9|8,3
2359|Cereal products and types of flour|Wrap/tortilla obv tarwe naturel|Wrap/tortilla wheat white|per 100g|298|8,5|50,8|5,5
2360|Bread|Wafel rijst- m karamel|Rice cakes puffed w caramel|per 100g|394|5,5|87|2,4
2362|Savoury snacks|Frikandel diepvries onbereid|Sausage Dutch Frikandel frozen unprep|per 100g|235|13,1|6,1|17,2
2363|Meat and poultry|Gehakt cordon bleu rauw|Minced meat w ham and cheese raw|per 100g|270|14,8|10,8|18,4
2364|Meat and poultry|Kipschnitzel gepaneerd rauw|Chicken schnitzel breaded raw|per 100g|156|19,1|5,6|6,1
2365|Meat and poultry|Kip cordon bleu rauw|Chicken cordon bleu raw|per 100g|150|22|4,4|4,8
2367|Savoury bread spreads|Pindakaas light|Peanut butter light|per 100g|535|18|13,7|39,6
2369|Bread|Soepstengel|Breadsticks|per 100g|401|12,5|71,3|6,6
2370|Savoury snacks|Zoutje luchtig maisbasis|Cocktail snacks based on corn|per 100g|518|7,5|60,7|27
2371|Milk and milk products|Tiramisu|Tiramisu|per 100g|248|4,5|30,7|10,6
2372|Sugar, sweets and sweet sauces|Rozijnen omhuld m chocolade melk-|Raisins coated w milkchocolate|per 100g|429|5|61,8|17,3
2373|Sugar, sweets and sweet sauces|After eight|After eight chocolate mints|per 100g|419|2,1|74,6|12,2
2374|Sugar, sweets and sweet sauces|Chocolade melk- m rozijnen|Chocolate milk w raisins|per 100g|501|6,2|55,9|27,4
2375|Sugar, sweets and sweet sauces|Chocolade puur m hazelnoten|Chocolate dark w hazelnuts|per 100g|565|9|36,2|41
2376|Sugar, sweets and sweet sauces|Chocolade melk- m gepofte rijst|Chocolate milk w puffed rice|per 100g|531|7,1|55,2|30,7
2377|Vegetables|Tomaat gedroogd in olie blik/glas, uitgelekt|Tomatoes dried in oil tin/glass, drained|per 100g|197|4,4|9,4|14
2378|Vegetables|Tomaat zongedroogd|Tomato sun-dried|per 100g|331|14,1|55,8|3
2379|Fruits|Rozijnen gedroogd geweekt|Raisins soaked in water|per 100g|258|2,5|59,5|0,4
2380|Sugar, sweets and sweet sauces|Toffee m chocolade|Toffee w chocolate|per 100g|427|1,8|77,8|11,7
2381|Cold meat cuts|Pate smeer- magere|Pate spreadable lean|per 100g|187|9,7|10|12
2382|Bread|Tarwebrood bruin m zonnebloempitten|Wheat bread brown w sunflower seeds|per 100g|287|10,9|39,7|8,3
2383|Sugar, sweets and sweet sauces|Noga m chocolade|Nougat w chocolate|per 100g|489|7,2|64,2|21,8
2384|Sugar, sweets and sweet sauces|Drop m pepermunt|Liquorice w peppermint|per 100g|375|2,8|90,4|0,1
2385|Sugar, sweets and sweet sauces|Salmiakkogel/-lolly|Salty liquorice lolly|per 100g|375|1,2|92,3|0
2386|Sugar, sweets and sweet sauces|Noga|Nougat|per 100g|469|6,5|72,1|16,7
2387|Savoury snacks|Popcorn zoete gepoft z olie|Popcorn sweet popped wo oil|per 100g|389|9,9|78,7|3
2389|Non-alcoholic beverages|Siroop vruchtenlimonade- Albert Heijn|Fruit drink conc Albert Heijn|per 100g|164|0,1|41|0
2391|Pastry and biscuits|Cake marmer-|Cake marble-|per 100g|396|5,6|44,9|21,2
2392|Pastry and biscuits|Cake appel- z roomboter|Cake apple- wo butter|per 100g|260|3,5|30,5|13,5
2393|Pastry and biscuits|Cake rozijnen-|Cake raisins-|per 100g|384|5,3|47,1|19,1
2394|Pastry and biscuits|Soes bananen-|Eclair filled w banana and whipped cream|per 100g|245|3,5|16,1|18,4
2395|Pastry and biscuits|Soes slagroom- m chocolade|Chocolate eclair w whipped cream filling|per 100g|303|4,2|17,6|23,8
2396|Pastry and biscuits|Taart chocolade- m slagroom|Chocolate cake w whipped cream|per 100g|337|4,8|32,9|20,4
2397|Pastry and biscuits|Koek ontbijt- m noten|Cake Dutch spiced Ontbijtkoek w nuts|per 100g|337|4|66,2|5,4
2398|Pastry and biscuits|Koek ontbijt- m kandij|Cake Dutch spiced Ontbijtkoek w rockcandy|per 100g|312|2,8|71,5|1
2399|Pastry and biscuits|Spekkoek m roomboter|Spiced cake Indonesian- Spekkoek made w butter|per 100g|422|5,3|25,1|33,3
2400|Bread|Croissant chocolade-|Croissant chocolate-|per 100g|434|8,9|44,3|24
2401|Pastry and biscuits|Koek m gelei/appelvulling|Tarts filled w jam|per 100g|398|3,3|65,5|13,3
2402|Vegetables|Kappertjes|Capers|per 100g|43|2,4|4,9|0,9
2403|Pastry and biscuits|Koek Glace-|Cup cake iced|per 100g|427|3,6|59,5|19,2
2405|Pastry and biscuits|Koekje chocolate chip cookie|Chocolate chip cookie|per 100g|501|6,3|60,6|25,3
2406|Pastry and biscuits|Koekje kinder- gem|Biscuit children's av|per 100g|450|7,6|70,6|14,8
2409|Pastry and biscuits|Sprits m chocolade|Biscuit Dutch shortbread sprits w choc|per 100g|541|4,7|61,5|30,3
2410|Pastry and biscuits|Schuimzoenen|Teacakes chocolate coated marshmallow|per 100g|439|2,2|71,4|15,3
2412|Pastry and biscuits|Kletskop|Biscuit Dutch Kletskop|per 100g|492|5,7|59,2|25,4
2413|Pastry and biscuits|Mergpijpje gevuld m cake en creme|Cake wrapped in marzipan and chocolate|per 100g|457|2,7|62,7|21,6
2416|Milk and milk products|IJs room- stracciatella|Ice cream dairy stracciatella|per 100g|248|3,3|26,8|13,9
2417|Pastry and biscuits|Koek oranje-|Cake Dutch w icing & cream Oranjekoek|per 100g|375|4,7|66,3|9,7
2418|Savoury sauces|Saus warm vloeibaar kant-en-klaar <12% vet|Sauce hot liquid ready-to-eat <12% fat|per 100g|91|1,3|6,4|6,6
2419|Savoury sauces|Saus kaas- op basis roux bereid|Sauce cheese- based on roux prepared|per 100g|127|5,5|5,6|9,1
2420|Savoury sauces|Saus warm vloeibaar kant-en-klaar >12% vet|Sauce hot liquid ready-to-eat >12% fat|per 100g|195|1,2|5,2|18,8
2422|Fats and oils|Halvarineproduct Becel Omega-3 Plus|Low fat margarine prod Becel Omega3 Plus|per 100g|353|0,3|2,6|38
2424|Sugar, sweets and sweet sauces|Hagelslag chocolade- wit|Chocolate sprinkles white|per 100g|455|5,5|78,4|13,2
2425|Pastry and biscuits|Wafel galette-|Wafer galette|per 100g|480|6,9|65,2|20,9
2427|Sugar, sweets and sweet sauces|Schuddebuikjes Bolletje|Spice biscuit sprinkles Bolletje|per 100g|486|5|70|20
2428|Pastry and biscuits|Wafel melk-hazelnootchocolade Knoppers|Wafer w milk & hazelnuts Knoppers|per 100g|548|8,8|52|33,3
2429|Pastry and biscuits|Cake m noten|Cake w nuts|per 100g|449|8,1|36|29,8
2430|Pastry and biscuits|Beignet banaan-|Fritter banana|per 100g|282|2,9|20,6|20,5
2431|Pastry and biscuits|Taart slagroom- omhuld m marsepein|Gateau fatless sponge w marzipan|per 100g|342|4,8|39,6|18
2432|Pastry and biscuits|Taart noten-|Nuts cake|per 100g|467|7,6|46,7|27,2
2433|Meat substitutes and dairy substitutes|Drink rijst- z suiker verrijkt m calcium en vitamines|Rice drink wo sugar  fortified w calcium and vitamines|per 100g|53|0,3|11,3|0,7
2435|Non-alcoholic beverages|Frisdrank m suiker en zoetstof 2-<5 g KH z cafeine|Soft drink w sugar and sweetener 2-<5 g CHO wo caffeine|per 100g|12|0|2,9|0
2436|Non-alcoholic beverages|Limonade vruchten- m suiker en zoetstof 4-6 g KH|Juice drink w sugar and sweetener 4-6 g CHO|per 100g|18|0|4,6|0
2437|Non-alcoholic beverages|Limonade vruchten- Capri-Sun Multivitamin|Juice drink Capri-Sun Multivitamin|per 100g|20|0|4,9|0
2441|Non-alcoholic beverages|Siroop vruchtenlimonade- bereid 1 op 7|Fruit drink conc diluted 1 to 7|per 100g|28|0|7|0
2444|Non-alcoholic beverages|Thee kruiden- oplos gezoet bereid|Tea herbal instant sweetend prepared|per 100g|19|0|4,7|0
2445|Savoury sauces|Saus boter-|Sauce butter-|per 100g|180|0,6|3,1|18,3
2447|Savoury sauces|Saus v halfvolle melk en maizena|Sauce w semi-skimmed milk and corn starch|per 100g|57|3,3|7,8|1,4
2449|Savoury sauces|Jus 25% vet ongebonden bereid m juspoeder|Gravy 25% fat clear prep w gravy instant powder |per 100g|230|1|4,8|22,9
2450|Savoury sauces|Jus 50% vet ongebonden bereid m juspoeder|Gravy 50% fat clear prepared w gravy instant powder|per 100g|431|1,1|4,9|45,1
2451|Savoury sauces|Jus 25% vet gebonden bereid m juspoeder|Gravy 25% fat thickend prep w gravy instant powder |per 100g|233|1|7|22,3
2452|Savoury sauces|Jus 25% vet gebonden bereid z juspoeder|Gravy 25% fat thickend prep wo gravy instant powder |per 100g|223|0,1|2,7|23,5
2453|Savoury sauces|Jus 50% vet gebonden bereid z juspoeder|Gravy 50% fat thickend prep wo gravy instant powder|per 100g|436|0,3|2,9|47,1
2454|Savoury sauces|Jus 75% vet gebonden bereid z juspoeder|Gravy 75% fat thickend prep wo gravy instant powder|per 100g|650|0,4|3,2|70,6
2455|Savoury sauces|Saus Aardappel Anders gem|Sauce Aardappel Anders av|per 100g|171|1,5|3,9|16,6
2456|Savoury sauces|Jus 5% vet gebonden bereid z juspoeder|Gravy 5% fat thickend prep wo gravy instant powder|per 100g|53|0|2,6|4,7
2457|Savoury sauces|Saus sate huishoudelijk bereid m hv melk z vet|Peanutsauce homemade w s-sk milk wo fat|per 100g|297|10,2|12,8|22
2458|Savoury sauces|Saus sate huishoudelijk bereid m water z vet|Peanutsauce homemade w water wo fat|per 100g|280|8,9|11,1|21,4
2459|Savoury sauces|Jus 50% vet ongebonden bereid z juspoeder|Gravy 50% fat clear prep wo gravy instant powder|per 100g|439|0,3|0,4|48,5
2460|Savoury sauces|Jus 75% vet ongebonden bereid z juspoeder|Gravy 75% fat clear prep wo gravy instant powder|per 100g|658|0,4|0,6|72,7
2461|Savoury sauces|Jus 50% vet gebonden bereid m juspoeder|Gravy 50% fat thickend prep w gravy instant powder|per 100g|429|1,1|7,1|43,9
2462|Savoury sauces|Jus 5% vet ongebonden bereid z juspoeder|Gravy 5% fat clear prep wo gravy instant powder|per 100g|44|0|0|4,8
2466|Savoury sauces|Dressing vinaigrette-|Salad dressing vinaigrette|per 100g|596|0,5|0,4|65,1
2467|Savoury sauces|Saus frites- ca 13% olie|Sauce for chips approx 13% oil|per 100g|158|0,3|9,4|13,1
2468|Savoury sauces|Dressing honing/mosterd-|Salad dressing honey/mustard|per 100g|299|1,2|15|26
2470|Savoury sauces|Saus frites- 5% olie|Sauce for chips 5% oil|per 100g|100|0,8|9,8|5,3
2471|Savoury sauces|Mayonaiseproduct ca 35% olie|Mayonnaise product approx 35% oil|per 100g|338|0,5|10,5|32,7
2472|Fats and oils|Olie wok-|Oil wok|per 100g|900|0|0|100
2473|Herbs and spices|Pasta kruiden-/boemboe|Herb paste boemboe|per 100g|306|4|25,6|20,4
2476|Non-alcoholic beverages|Koffie cappuccino vers bereid|Coffee cappuccino freshly made|per 100g|31|1,8|2,3|1,7
2477|Non-alcoholic beverages|Koffie cappuccino oplos- bereid|Coffee cappuccino instant prepared|per 100g|37|1,2|4,7|1,3
2478|Non-alcoholic beverages|Koffie cappuccino oplos- poeder|Coffee cappuccino instant powder|per 100g|407|13,9|52,4|14,9
2480|Non-alcoholic beverages|Energydrink Golden Power/Bullit/Freeway|Energy drink Golden Power/Bullit/Freeway|per 100g|44|0,2|10,7|0
2483|Non-alcoholic beverages|Vruchtendrank ACE|Fruit juice drink ACE|per 100g|44|0,2|10,9|0
2487|Soups|Soep op groente- en vleesbasis kant-en-klaar blik/zak/pak|Soup veg & meat based ready-to-eat|per 100g|41|2|5,3|1,2
2488|Soups|Soep op groente- en vleesbasis bereid pakje|Soup vegetable & meat based prepared pack|per 100g|18|0,6|2,7|0,5
2489|Sugar, sweets and sweet sauces|Pasta speculoos-|Spread speculaas flavoured|per 100g|579|3,2|56,6|37,5
2490|Non-alcoholic beverages|Vruchtendrank multivit 12vr nectar light|Fruit juice drink multivit 12 fruits nectar light|per 100g|23|0,2|5,4|0
2491|Non-alcoholic beverages|Vruchtendrank m zoetstof 5-<8 g KH|Fruit juice drink w sweetener 5-<8 g CHO|per 100g|28|0,1|6,9|0
2493|Potatoes and tubers|Aardappelpureepoeder z melkpoeder z vet|Potato puree powder wo milkpowder wo fat|per 100g|364|7,9|78,4|0,5
2495|Milk and milk products|Melk chocolade- m halfvolle melk en gezoete cacaopoeder|Milk chocolate-flavoured w s-sk milk and sweetened cocoa powder|per 100g|78|3,5|12,2|1,6
2496|Milk and milk products|Zuiveldrank Fruitmelk Campina|Dairy drink Campina Fruitmelk|per 100g|54|3,3|9,2|0,5
2498|Vegetables|Tomaat gezeefd pak|Tomato sieved pack|per 100g|39|1,8|6,3|0,3
2499|Potatoes and tubers|Aardappelpureepoeder m melkpoeder m vet|Potato puree powder w milkpowder w fat|per 100g|373|9,2|62|8,6
2501|Milk and milk products|Yoghurt vruchten- halfvolle |Yoghurt half fat w fruit|per 100g|79|4,2|11,6|1,5
2503|Milk and milk products|Yoghurt Griekse volle|Yoghurt Greek full fat|per 100g|122|3,8|3,8|10
2504|Milk and milk products|Kwark vruchten- volle|Quark full fat w fruit|per 100g|125|5,7|13,3|5,1
2505|Alcoholic beverages|Fruit gedroogd op brandewijn|Fruit dried in brandy|per 100g|201|0,6|27,2|0,1
2507|Non-alcoholic beverages|Sap multivruchten-|Juice multifruit|per 100g|47|0,4|10,7|0,1
2513|Alcoholic beverages|Cider|Cider|per 100g|55|0,1|6,4|0
2514|Non-alcoholic beverages|Diksap bereid 1 op 13|Fruit juice concentrated diluted 1 to 13|per 100g|17|0|4,2|0
2515|Non-alcoholic beverages|Vruchtendrank multivit nectar light Surango|Fruit juice drink Surango multivit nectar light|per 100g|21|0,2|5|0
2516|Cheese|Kaas smeer- 15+ Balans ERU|Cheese spread 15+ Balans ERU|per 100g|132|17,3|3,3|5,5
2517|Cheese|Kaas smeer- Kids ERU|Cheese spread Kids ERU|per 100g|169|15|2,3|11,1
2518|Cheese|Kaas geiten- hard|Cheese goat hard|per 100g|396|22,4|0,1|32,5
2519|Milk and milk products|Vla halfvolle alle smaken|Custard half fat all flavours|per 100g|85|2,3|15,1|1,7
2520|Milk and milk products|Pudding luchtige|Pudding airy|per 100g|179|4,2|22|8,1
2521|Milk and milk products|Pap lammetjes- bereid m volle melk|Porridge milk w wheat flour white Lammetjespap|per 100g|84|3,9|9,8|3,2
2522|Milk and milk products|Vlaflip dubbel- Campina|Custard 2 flavours w syrup vlaflip Campina|per 100g|96|2,9|15|2,6
2524|Vegetables|Peper Spaanse rauw|Chili pepper raw|per 100g|30|1,8|4,2|0,3
2525|Fats and oils|Vet frituur- horeca|Frying fat horeca|per 100g|900|0|0|100
2527|Savoury snacks|Biscuit hartig Sultana Crunchers|Biscuit savoury Sultana Crunchers|per 100g|413|8,5|70,5|10,3
2528|Bread|Croutons|Croutons|per 100g|491|11,8|58,6|22,3
2529|Savoury snacks|Chips oven-|Potato crisps oven baked|per 100g|411|6,4|72,8|9,3
2530|Sugar, sweets and sweet sauces|Maltesers|Maltesers|per 100g|500|8,3|61,5|24,3
2531|Sugar, sweets and sweet sauces|Vlokken chocolade- gem|Chocolate flakes av|per 100g|452|5,5|71,6|14,9
2532|Sugar, sweets and sweet sauces|Drop suikervrij|Liquorice sugar-free|per 100g|167|1|61|0,2
2533|Sugar, sweets and sweet sauces|Winegum m drop|Wine gum w liquorice|per 100g|334|3,5|79,6|0,2
2535|Miscellaneous foods|Cacaopoeder gezoet Nesquik|Cocoa powder sweetened Nesquik|per 100g|376|5|79|3
2537|Milk and milk products|Vlaflip v vla en yoghurt|Dessert made of custard, yoghurt & syrup|per 100g|77|3,4|12,3|1,5
2538|Milk and milk products|Pudding huishoudelijk bereid m hv melk|Blancmange home-made w semi-sk milk|per 100g|92|2,9|17|1,4
2539|Milk and milk products|Vla zacht & luchtig |Custard soft & airy |per 100g|142|2,9|16|7,4
2540|Soups|Soep noodle- bereid|Soup noodle prepared|per 100g|86|1,7|11,7|3,4
2541|Meat substitutes and dairy substitutes|Worst boterham- vegetarisch verrijkt m ijzer en vit B12|Sausage luncheon meat vegetarian fortified w iron and vit B12|per 100g|181|6,6|4,6|14,7
2547|Savoury snacks|Bamibal/bamischijf diepvries onbereid|Chinese noodle ball frozen unprepared|per 100g|165|5,8|29|2,8
2548|Savoury snacks|Kroket vlees- diepvries onbereid|Croquette meat ragout frozen unprep|per 100g|187|7,6|18,9|8,7
2549|Savoury snacks|Loempia diepvries onbereid|Spring roll frozen unprepared|per 100g|152|6,1|21,2|4,5
2551|Bread|Croissant ham-kaas-|Croissant ham and cheese|per 100g|378|11,2|35,7|20,6
2552|Savoury snacks|Kipkorn diepvries onbereid|Chicken sticks breaded frozen unprepared|per 100g|293|11,6|16,5|19,7
2553|Savoury snacks|Broodje kaas- v bladerdeeg|Cheese pastry w puff pastry|per 100g|481|10|39,8|30,9
2555|Savoury snacks|Viandel onbereid Mora|Viandel unprepared Mora|per 100g|300|9,5|17|21,2
2556|Pastry and biscuits|Biscuit meergranen- LU Time Out|Biscuit LU Time Out|per 100g|484|7,6|64,3|20,8
2557|Fats and oils|Margarine 80% vet >24 g verz vetz ongezouten|Margarine 80% fat >24 g sat fa unsalted|per 100g|724|0,2|0,3|80,2
2558|Fats and oils|Margarine vlb 80% vet <17 g verz vetz ongezouten|Margarine liq 80% fat <17g sat fa unsalted|per 100g|738|0|0,1|82
2559|Fats and oils|Halvarineproduct Bewust light 30% vet <10g verz vetz ongezouten|Low fat margarine prod Bewust light 30% fat <10g sat fa unsalted|per 100g|275|0,1|1,1|30
2560|Pastry and biscuits|Appelflap m bladerdeeg z roomboter|Apple turnover w puff pastry wo butter|per 100g|305|4|38|14,8
2561|Soups|Soep gebonden z vulling|Soup thickened no filling|per 100g|41|0,6|2,7|3
2562|Fats and oils|Bak- en braadvet vlb 97% vet <17g verz vetz ongezouten|Cooking fat liq 97% fat <17g sat fa unsalted|per 100g|883|0,4|0,5|97,7
2563|Fats and oils|Bak- en braadvet vast 97% vet >17 g verz vetz ongezouten|Cooking fat sol 97% fat >17g sat fa unsalted|per 100g|880|0,4|0,7|97,3
2565|Fats and oils|Margarine 80% vet <24 g verz vetz ongezouten|Margarine 80% fat <24 g sat fa unsalted|per 100g|720|0|0|80
2566|Fats and oils|Halvarine 40% vet <17g verz vetz ongezouten|Low fat margarine 40% fat <17 g sat fa unsalted|per 100g|360|0|0|40
2567|Fats and oils|Halvarineproduct Albert Heijn smeerbaar cholesterol verlagend|Low fat margarine prod AH chol reducing|per 100g|317|0|0,2|35
2568|Pastry and biscuits|Vlaai kruimel- m pudding|Flan w custard and crumble topping|per 100g|286|5,2|43|10
2569|Pastry and biscuits|Koek ontbijt- m noten en vruchten|Cake Dutch spiced Ontbijtkoek w nuts & fruit|per 100g|343|4,5|63,7|6,9
2570|Pastry and biscuits|Vlaai pudding- m vruchten|Flan w custard and fruit|per 100g|146|2,9|24,7|3,6
2571|Pastry and biscuits|Cake bitterkoekjes-|Cake w Dutch Amaretti Bitterkoekjes|per 100g|398|5,8|45,3|21,3
2573|Savoury sauces|Saus knoflook- 20-<30% olie|Sauce garlic 20-<30% oil|per 100g|246|0,8|13,4|21
2575|Potatoes and tubers|Aardappelpuree vers bereid m volle melk en margarine|Potatoes mashed fresh prep w whole milk and margarin|per 100g|87|2,2|13,9|2,3
2577|Pastry and biscuits|Cake appel- m roomboter|Cake apple made w butter|per 100g|263|3,6|30,6|13,7
2580|Savoury sauces|Jus 5% vet gebonden bereid m juspoeder|Gravy 5% fat thickend prep w gravy instant powder|per 100g|76|0,9|6,8|5
2581|Cereal products and types of flour|Pannenkoek volkoren huishoudelijk bereid m vloeibare margarine|Pancake wholemeal homemade prepared w liquid margarin|per 100g|181|6,6|22,4|6,6
2582|Cereal products and types of flour|Pannenkoek volkoren huishoudelijk bereid m margarine|Pancake wholemeal homemade prepared w margarin|per 100g|180|6,6|22,4|6,5
2583|Pastry and biscuits|Koek pinda-|Biscuit peanut|per 100g|513|10,6|51,9|28,4
2588|Savoury sauces|Jus 25% vet ongebonden bereid z juspoeder|Gravy 25% fat clear prep wo gravy instant powder|per 100g|219|0,1|0,2|24,2
2595|Sugar, sweets and sweet sauces|Candybar KitKat|Candybar KitKat|per 100g|520|7,1|59|27,7
2605|Savoury sauces|Dressing olijfolie-azijn|Salad dressing olive oil-vinegar|per 100g|607|0,4|0,5|66,4
2606|Herbs and spices|Mix voor marinade poeder onbereid|Mix for marinade powder unprepared|per 100g|285|8,4|50,5|4,3
2607|Pastry and biscuits|Koekje m noten en chocolade|Biscuit w nuts and chocolate|per 100g|517|7,5|55,5|28,7
2609|Pastry and biscuits|Koekje m noten|Biscuits w nuts|per 100g|509|6,6|64,9|24,1
2610|Alcoholic beverages|Wijn rose|Wine rose|per 100g|71|0,1|2,5|0
2611|Savoury sauces|Saus Joppie-|Sauce Joppie|per 100g|346|0,8|22,8|28
2612|Savoury sauces|Tapenade v olijven|Tapenade olive|per 100g|326|1,8|5,2|32,4
2613|Herbs and spices|Mix seasoning Mexicaans onbereid|Mix seasoning Mexican unprepared|per 100g|318|12|48,8|5,7
2614|Savoury sauces|Salsa tomatendipsaus|Salsa tomato dip|per 100g|45|0,9|9,3|0,2
2615|Miscellaneous foods|Azijn|Vinegar|per 100g|22|0,4|0,6|0
2617|Savoury snacks|Broodje bapao vlees|Bread stuffed Bapao meat|per 100g|252|8,9|38,1|6,7
2619|Savoury snacks|Berenklauw rauw|Meatball Berenklauw unprepared|per 100g|154|11,3|5,4|9,4
2622|Pastry and biscuits|Taart appel- v zandtaartdeeg m roomboter|Appel pie Dutch w shortbread w butter|per 100g|225|2,4|31,9|9,1
2633|Non-alcoholic beverages|Koffie oplos- poeder|Coffee instant powder|per 100g|114|7,8|3,1|0,2
2634|Non-alcoholic beverages|Vruchtendrank 2 of meer vruchten verrijkt m vit C|Fruit juice drink minimal 2 fruits fortified w vit C|per 100g|48|0,2|11,4|0,1
2639|Non-alcoholic beverages|Smoothie vruchten|Smoothie fruit|per 100g|56|0,7|12,3|0,2
2640|Non-alcoholic beverages|Smoothie vruchten m zuivel|Smoothie fruit w dairy|per 100g|51|1,3|10,3|0,1
2641|Non-alcoholic beverages|Frisdrank m suiker en zoetstof 2-<5 g KH m cafeine|Soft drink w sugar and sweetener 2-<5 CHO w caffeine|per 100g|11|0|2,6|0
2646|Non-alcoholic beverages|Sportdrank Aquarius|Sports drink Aquarius|per 100g|29|0|7,1|0
2647|Non-alcoholic beverages|Koffie automaat- m suiker en melk|Coffee w sugar and milk vending machine|per 100g|28|0,2|5,3|0,7
2648|Non-alcoholic beverages|Koffie automaat- m melk|Coffee w milk vending machine|per 100g|12|0,2|1,3|0,7
2649|Non-alcoholic beverages|Thee kruiden- oplos gezoet poeder|Tea herbal instant sweetend powder|per 100g|372|0|92,9|0
2650|Savoury sauces|Jus z vet bereid m juspoeder|Gravy prep wo fat w gravy instant powder |per 100g|28|0,9|4,6|0,7
2651|Savoury sauces|Saus cocktail/party/tafel- >25% olie|Sauce cocktail/party/table >25% oil|per 100g|374|1,2|15,9|33,9
2653|Bread|Wafel rijst- gekruid|Rice cakes w spices|per 100g|402|7,9|74,4|7,7
2654|Cold meat cuts|Kipfilet (vleeswaar)|Chicken (processed meat product)|per 100g|125|17,5|3,4|4,4
2655|Milk and milk products|Yoghurt 0% vet Activia m vruchten|Yoghurt 0% fat w fruit Activia|per 100g|53|4,6|7,5|0,1
2656|Sugar, sweets and sweet sauces|Hagelslag chocolade- mix wit en puur|Chocolate sprinkles mix white and dark|per 100g|449|3,2|73,9|14,7
2657|Sugar, sweets and sweet sauces|Pasta duo- m chocolade|Spread duo w chocolate|per 100g|576|1,8|59,5|36,5
2658|Sugar, sweets and sweet sauces|Pasta duo- z chocolade|Spread duo wo chocolate|per 100g|567|0,8|62,5|34,9
2659|Sugar, sweets and sweet sauces|Snoep schuim-/gum-|Sweets jelly/gums/foam|per 100g|336|4,9|78,5|0,2
2660|Sugar, sweets and sweet sauces|Winegum m schuimlaag|Wine gums w foam layer|per 100g|333|4,8|78,5|0
2661|Pastry and biscuits|Wafel Luikse-|Waffle Luikse|per 100g|446|5,7|57,1|21,3
2662|Pastry and biscuits|Wafel zachte/suiker-/flash-|Waffle soft-/sugar-/flash-|per 100g|493|7,6|53,8|27,3
2665|Non-alcoholic beverages|Frisdrank m suiker en zoetstof 5-<8 g KH m cafeine|Soft drink w sugar and sweetener 5-<8 g CHO w caffeine|per 100g|27|0,3|6,5|0
2667|Savoury sauces|Dressing sla- 20% olie m yoghurt|Salad dressing 20% oil w yoghurt|per 100g|258|1,2|12,3|22,7
2671|Herbs and spices|Mix voor nasi/bami onbereid|Mix spice and herbs rice/Chinese noodles unprepared|per 100g|300|11|45,8|5,8
2672|Non-alcoholic beverages|Energydrink Red Bull|Energy drink Red Bull|per 100g|44|0|11|0
2673|Non-alcoholic beverages|Energydrink Red Bull sugarfree|Energy drink Red Bull sugarfree|per 100g|0|0|0|0
2675|Cereal products and types of flour|Muesli krokante m noten|Muesli crunchy w nuts|per 100g|454|10,2|60,1|17,5
2676|Cereal products and types of flour|Muesli krokante m chocolade|Muesli crunchy w chocolate|per 100g|445|10,2|60,4|16,1
2677|Cereal products and types of flour|Muesli krokante m noten en chocolade|Muesli crunchy w nuts and chocolate|per 100g|436|10,7|63|13,9
2678|Cheese|Zuivelspread naturel/kruiden|Dairy spread plain/herbs|per 100g|248|5,1|3,1|23,9
2679|Cheese|Zuivelspread naturel/kruiden light|Dairy spread plain/herbs light|per 100g|175|8,1|4,2|13,8
2681|Herbs and spices|Mix kruiden- Wereldgerechten onbereid|Mixed spices Wereldgerechten unprep|per 100g|312|11,8|50,4|5,1
2682|Cereal products and types of flour|Rijst meergranen- gekookt|Rice multi-grain boiled|per 100g|140|3,6|29,6|0,6
2683|Cereal products and types of flour|Ontbijtproduct Coco pops Chocos Kellogg's|Breakfast cereal Coco pops Chocos Kellogg's|per 100g|380|10|77|2,2
2684|Cereal products and types of flour|Ontbijtproduct Special K chocolade Kellogg's|Breakfast cereal Spec K choc Kellogg's|per 100g|417|8|81|5,6
2685|Fruits|Abrikozen gedroogd geweekt|Abricots dried and soaked|per 100g|159|2,8|33|0
2686|Fruits|Appelmoes z suiker m zoetstof blik/glas|Apple sauce wo sugar w sweetener tinned|per 100g|48|0,2|11|0
2687|Pastry and biscuits|Kruidnoten m chocolade puur|Biscuit spiced small Kruidnoten w dark choc|per 100g|482|6,1|63,4|21,7
2688|Pastry and biscuits|Kruidnoten m chocolade melk-|Biscuit spiced small Kruidnoten w milk choc|per 100g|490|6,4|65,8|21,8
2691|Sugar, sweets and sweet sauces|Kauwbonbon fruitsmaak|Sweet fruity chew|per 100g|395|1|82,9|6,6
2696|Pastry and biscuits|Koekje bitter-|Biscuit Dutch Amaretti Bitterkoekjes|per 100g|411|7|68,7|11,5
2698|Pastry and biscuits|Cake chocolade- z roomboter|Cake chocolate made wo butter|per 100g|396|5,6|46,5|20,3
2699|Pastry and biscuits|Frou frou|Biscuit Dutch Frou frou|per 100g|534|4,3|60,4|30,5
2700|Pastry and biscuits|Biscuit Sultana Yofruit|Biscuit w dried fruit & yoghurt Sultana Yofruit|per 100g|412|5,1|74,1|10,1
2701|Pastry and biscuits|Kruidnoten m chocolade witte|Biscuit spiced small Kruidnoten w white choc|per 100g|491|6,1|68,5|21,2
2703|Bread|Tarwebrood volkoren gem v fijn en grof m zaden|Wheat bread wholemeal av fine and coarse w seeds|per 100g|274|12,5|35,5|7,4
2704|Bread|Tarwebrood bruin m zaden|Wheat bread brown w seeds|per 100g|278|11,4|39,2|7
2705|Cereal products and types of flour|Ontbijtproduct All-Bran flakes Kellogg's|Breakfast cereal All-Bran flakes Kellogg's|per 100g|358|11|65|2,2
2706|Savoury snacks|Chips/kroepoek cassave|Cassave crackers|per 100g|474|1,4|67,5|21,4
2707|Bread|Tarwemaisbrood wit m zonnebloempitten|Wheat corn bread white w sunflower seeds|per 100g|307|11,6|41,2|9,6
2708|Vegetables|Sla rode rauw|Lettuce red raw|per 100g|18|1,3|2,3|0,2
2710|Vegetables|Kool rode m appeltjes blik/glas|Cabbage red w apple pieces glass|per 100g|58|0,8|11,9|0,3
2711|Fats and oils|Margarineproduct Albert Heijn Balans|Margarine product Albert Heijn Balans|per 100g|405|0|0|45
2712|Fats and oils|Margarineproduct vloeibaar <60% vet <17 g verz vetz ongezouten|Margarine product liquid <60% fat <17 g sat fa unsalted|per 100g|507|0,3|0,3|56
2713|Fats and oils|Margarineproduct vloeibaar <60% vet <17 g verz vetz gezouten|Margarine product liquid <60% fat <17 g sat fa salted|per 100g|507|0,3|0,3|56
2714|Pastry and biscuits|Biscuit meergranen- Liga Evergreen crunchy|Biscuit Liga Evergreen crunchy|per 100g|395|6,6|59,7|12,3
2715|Sugar, sweets and sweet sauces|Meringue|Meringue|per 100g|382|0,5|95|0
2721|Pastry and biscuits|Donut m glazuur|Doughnut iced|per 100g|358|5,4|40,8|19
2722|Pastry and biscuits|Wafel Luikse m chocolade|Waffle Luikse w chocolate|per 100g|457|5,8|55,8|22,9
2724|Non-alcoholic beverages|IJsthee m suiker 4-<5 g KH|Ice tea w sugar 4-<5 g CHO|per 100g|18|0|4,5|0
2726|Vegetables|Wortel bospeen rauw|Carrot bunched raw|per 100g|31|0,9|5|0,3
2727|Vegetables|Wortel bospeen gekookt|Carrot bunched boiled|per 100g|30|0,8|4,8|0,2
2728|Vegetables|Wortel winterpeen rauw|Carrot winter raw|per 100g|34|0,6|5,7|0,3
2729|Vegetables|Wortel winterpeen gekookt|Carrot winter boiled|per 100g|34|0,6|5,6|0,3
2730|Vegetables|Tomaat tros- rauw|Tomato vine raw|per 100g|22|0,7|3|0,5
2731|Vegetables|Tomaat kers- rauw|Tomato cherry raw|per 100g|30|0,9|3,9|0,8
2732|Vegetables|Tomaat vlees- rauw|Tomato beef raw|per 100g|19|0,6|2,3|0,5
2733|Vegetables|Tomaat vlees- gekookt|Tomato beef boiled|per 100g|22|0,7|2,9|0,5
2734|Vegetables|Tomaat rauw gem|Tomato av raw|per 100g|25|0,8|3,4|0,6
2735|Vegetables|Tomaat gekookt gem|Tomato av boiled|per 100g|23|0,7|2,9|0,7
2736|Vegetables|Sla rucola rauw|Rocket raw|per 100g|22|3,6|0|0,4
2737|Vegetables|Ui sla- rauw|Onion Welsh raw|per 100g|31|1,5|4,2|0,4
2738|Vegetables|Ui sla- gekookt|Onion Welsh boiled|per 100g|26|1,2|3,5|0,3
2739|Vegetables|Komkommer m schil rauw|Cucumber w skin raw|per 100g|13|0,7|1,3|0,4
2740|Vegetables|Paprika gele rauw|Sweet pepper yellow raw|per 100g|25|0,7|3,9|0,2
2741|Vegetables|Paprika gele gekookt|Sweet pepper yellow boiled|per 100g|27|0,8|4,6|0,1
2742|Vegetables|Paprika rauw gem|Sweet pepper av raw|per 100g|25|0,8|4,2|0,1
2743|Vegetables|Paprika gekookt gem|Sweet pepper av boiled|per 100g|27|0,9|4,8|0,1
2744|Potatoes and tubers|Aardappelen Nicola z schil gekookt|Potatoes Nicola wo skin boiled|per 100g|80|1,7|16,6|0,4
2745|Potatoes and tubers|Aardappelen Eigenheimer z schil gekookt|Potatoes Eigenheimer wo skin boiled|per 100g|75|1,8|15,7|0,2
2746|Potatoes and tubers|Aardappelen Red Baron z schil gekookt|Potatoes Red Baron wo skin boiled|per 100g|91|1,8|19,1|0,5
2747|Potatoes and tubers|Aardappelen kruimig z schil gekookt gem|Potatoes floury av wo skin boiled|per 100g|81|2|17|0,2
2748|Fruits|Peer m schil|Pear w skin|per 100g|55|0,2|11,7|0,3
2749|Fruits|Druiven blauwe m schil|Grapes black w skin|per 100g|75|0,6|16,8|0,1
2750|Fruits|Druiven witte m schil|Grapes white w skin|per 100g|76|0,5|16,9|0,4
2751|Fruits|Appel Elstar m schil|Apple Elstar w skin|per 100g|55|0,3|12|0,2
2752|Fruits|Appel Elstar z schil|Apple Elstar wo skin|per 100g|55|0,2|12,4|0,2
2753|Fruits|Appel Jonagold m schil|Apple Jonagold w skin|per 100g|55|0,2|12,1|0,2
2754|Fruits|Appel Jonagold z schil|Apple Jonagold wo skin|per 100g|52|0,2|11,6|0,1
2755|Non-alcoholic beverages|Sap sinaasappel- vers geperst|Juice orange freshly squeezed|per 100g|44|0,6|9,1|0,1
2756|Cheese|Kaas Goudse 48+ jong|Cheese Gouda 48+ age 4-8 weeks|per 100g|364|22,8|0|29,6
2757|Cheese|Kaas Goudse 48+ jong belegen|Cheese Gouda 48+ age 8 wk-4 mths|per 100g|370|22,7|0|29,9
2758|Cheese|Kaas Goudse 48+ belegen|Cheese Gouda 48+ age 4-7 mths|per 100g|377|22,5|0|30,8
2759|Cheese|Kaas Goudse 48+ oud|Cheese Gouda 48+ age 10-12 mths|per 100g|414|24,6|0,1|33,7
2760|Milk and milk products|Melk chocolade- automaat|Hot chocolate from vending machine|per 100g|66|3|10,8|1
2761|Pastry and biscuits|Koek gevulde m roomboter|Almond paste filled tarts w butter|per 100g|415|7,1|58,7|16,5
2762|Pastry and biscuits|Koek gevulde z roomboter|Almond paste filled tarts wo butter|per 100g|406|5,2|61,7|14,9
2763|Pastry and biscuits|Speculaas m roomboter|Biscuit spiced Speculaas w butter|per 100g|484|5,5|65,2|21,7
2764|Pastry and biscuits|Speculaas z roomboter|Biscuit spiced Speculaas wo butter|per 100g|467|5|65,1|20,1
2765|Fish, crustacean and shellfish|Pangasius bereid in magnetron z toev|Pangasius bereid in magnetron z toev|per 100g|89|18,6|0|1,6
2766|Meat and poultry|Worst rook- varkens gekookt|Sausage smoked pork cooked|per 100g|340|14,3|2,8|30,1
2767|Meat and poultry|Worst rook- varkens ambachtelijke slagerij gekookt|Sausage smoked pork traditional cooked|per 100g|311|15,2|1|27,1
2768|Cold meat cuts|Worst ossen-|Sausage raw beef|per 100g|166|18,6|1,1|9,4
2769|Eggs|Ei kippen- scharrel rauw|Egg whole chicken free-range raw|per 100g|132|12,3|0,2|9,1
2770|Eggs|Ei kippen- scharrel gekookt|Egg whole chicken free-range boiled|per 100g|125|12,2|0|8,5
2771|Eggs|Ei kippen- biologisch rauw|Egg whole chicken organic raw|per 100g|135|12,3|0,2|9,5
2772|Eggs|Ei kippen- biologisch gekookt|Egg whole chicken organic boiled|per 100g|136|12,7|0|9,5
2773|Eggs|Ei kippen- mais rauw|Egg whole chicken corn-fed raw|per 100g|129|12,2|0,2|8,8
2774|Eggs|Ei kippen- mais gekookt|Egg whole chicken corn-fed boiled|per 100g|148|13|0|10,7
2775|Pastry and biscuits|Biscuit tarwe-/digestive- m chocolade|Biscuit brown/digestive w chocolate|per 100g|488|6,5|63,8|22,2
2776|Pastry and biscuits|Vlaai appelkruimel-|Flan apple and crumble topping|per 100g|304|3,9|45,6|11,4
2777|Pastry and biscuits|Vlaai wener bodem m bakkersroom|Flan hard shell w custard cream|per 100g|295|4,1|33|16
2778|Pastry and biscuits|Vlaai zachte bodem m bakkersroom|Flan sponge w custard cream|per 100g|253|3,5|30,8|12,5
2779|Cereal products and types of flour|Pasta witte z ei gekookt|Pasta white wo egg boiled|per 100g|146|5,2|28,7|0,8
2780|Cereal products and types of flour|Pasta witte m ei gekookt|Pasta white w egg boiled|per 100g|124|4,7|23,4|0,8
2781|Cereal products and types of flour|Pasta witte vers gekookt|Pasta white fresh boiled|per 100g|129|4,9|23,9|1,3
2782|Bread|Tarwebrood volkoren grof|Wheat bread wholemeal coarse|per 100g|236|11,3|38,9|2,4
2783|Bread|Meergranenbrood wit m zaden|Multigrain bread white w seeds|per 100g|267|12,5|40,4|5
2784|Bread|Meergranenbrood bruin m zaden |Multigrain bread brown w seeds|per 100g|255|12,2|37,8|4,5
2785|Bread|Tarwemaisbrood wit |Wheat corn bread white|per 100g|261|10,8|44,9|3,2
2786|Bread|Tarwebrood gem v bruin en volkoren m pompoenpitten|Wheat bread av brown and wholemeal w pumpkin seeds|per 100g|254|13,9|33,3|5,5
2787|Bread|Tarwebrood gem v bruin en volkoren m zonnebloempitten|Wheat bread av brown and wholemeal w sunflower seeds|per 100g|272|12,5|36|6,7
2788|Bread|Tarwedesembrood volkoren|Wheat sourdough bread wholemeal|per 100g|235|9,3|40,5|2,6
2789|Bread|Tarwe ciabatta wit ongevuld|Wheat ciabatta white no filling|per 100g|255|9,1|48,9|1,8
2790|Bread|Tarwebrood wit pita|Wheat bread white pita|per 100g|245|8,6|50,1|0,7
2791|Bread|Stol m spijs z noten|Stollen w almond/imitat paste wo nuts|per 100g|276|7,7|53,8|2,4
2792|Bread|Stol m spijs m noten|Stollen w almond/imitat paste w nuts|per 100g|288|7,8|51,9|4,3
2793|Bread|Tarwestokbrood wit|Wheat baguette white|per 100g|270|9,7|53,6|1,2
2794|Bread|Tarwestokbrood bruin|Wheat baguette brown|per 100g|258|9,8|49,8|1,4
2795|Bread|Tarwebroodje wit hard|Wheat bread roll white hard|per 100g|279|9,9|54,9|1,5
2796|Bread|Tarwebroodje bruin hard|Wheat bread roll brown hard|per 100g|278|11|52,8|1,5
2797|Bread|Tarwebroodje bruin zacht|Wheat bread roll brown soft|per 100g|258|11|42,3|3,8
2798|Bread|Tarwebroodje volkoren zacht|Wheat bread roll wholemeal soft|per 100g|247|11,3|39,5|3,2
2799|Bread|Meergranenbroodje bruin hard|Multigrain roll brown hard|per 100g|294|12,9|43,8|5,9
2800|Bread|Meergranenbroodje bruin zacht|Multigrain roll brown soft|per 100g|283|13,4|38,7|6,8
2801|Bread|Croissant roomboter-|Croissant prepared w butter|per 100g|414|9,5|42,2|22,5
2802|Bread|Croissant z roomboter|Croissant prepared wo butter|per 100g|392|9,8|42,3|19,9
2803|Bread|Tarwekrentenbol wit |Wheat currant bun white|per 100g|268|8,4|51,1|2,5
2804|Bread|Tarwemueslibol bruin/volkoren|Wheat muesli bun brown/wholemeal|per 100g|290|10,7|43,9|6,6
2805|Nuts and seeds|Maanzaad|Poppy seeds|per 100g|455|19,2|2,4|35,6
2806|Nuts and seeds|Pompoenpitten|Pumpkin seeds|per 100g|574|30,3|2,7|47,2
2807|Miscellaneous foods|Spijs gem|Almond/imitation paste av|per 100g|434|9,9|44,8|22
2809|Cereal products and types of flour|Muesli m fruit/naturel|Muesli w fruit/plain|per 100g|341|10,7|56,6|5,3
2810|Pastry and biscuits|Wafel stroop- z roomboter|Waffle syrup wo butter|per 100g|483|3,6|71,5|19,9
2811|Bread|Tarwebrood volkoren fijn|Wheat bread wholemeal fine|per 100g|233|10,9|39,2|2,2
2812|Bread|Tarwekrenten/rozijnenbrood wit gem m spijs  |Wheat bread currant/raisin white av w almond paste|per 100g|303|8,2|51,3|6,2
2813|Bread|Tarwekrenten/rozijnenbrood wit gem |Wheat bread currant/raisin white av|per 100g|272|7,8|52,8|2,6
2814|Bread|Tarwerozijnenbrood wit m spijs|Wheat raisin bread white w almond paste|per 100g|303|8,1|50,8|6,4
2815|Bread|Tarwebrood bruin tijger-|Wheat bread brown Tijger|per 100g|243|9,9|44,2|1,9
2816|Bread|Tarwebrood wit tijger- |Wheat bread white Tijger|per 100g|252|9|48,7|1,7
2817|Bread|Stol m spijs gem m en z noten|Stollen w almond/imitat paste av w and wo nuts|per 100g|282|7,7|52,8|3,4
2818|Bread|Croissant gem|Croissant av|per 100g|403|9,6|42,2|21,2
2819|Miscellaneous foods|Zout z toegevoegd jodium|Salt not fortified w iodine|per 100g|0|0|0|0
2820|Pastry and biscuits|Wafel stroop- m roomboter|Waffle syrup w butter|per 100g|462|3,9|69|18,6
2821|Bread|Tarwebrood bruin m pompoenpitten|Wheat bread brown w pumpkin seeds|per 100g|278|12,3|38,4|7,2
2822|Milk and milk products|Yoghurt vruchten-/vanille- magere m zoetstof|Yoghurt low fat w fruit/vanilla w sweetener|per 100g|35|3,4|4,8|0
2823|Milk and milk products|Yoghurt stracciatella- volle|Yoghurt stracciatella full fat |per 100g|128|3,3|15,4|5,6
2826|Meat and poultry|Kipschnitzel sate gepaneerd rauw|Chicken schnitzel satay breaded raw|per 100g|206|14,8|16,5|8,5
2827|Meat and poultry|Varkensschnitzel sate gepaneerd rauw|Pork schnitzel satay breaded raw|per 100g|231|13,3|16,7|11,8
2828|Alcoholic beverages|Likeur m room 15-25 vol% alc|Liqueur w cream 15-25 vol% alcohol|per 100g|294|2,7|22,7|11,8
2829|Sugar, sweets and sweet sauces|Chocoladereep gevuld Kinder|Chocolate bar filled Kinder|per 100g|567|8,9|52,1|35,7
2830|Bread|Croissant kaas-|Croissant cheese|per 100g|401|10,6|39|21,9
2831|Non-alcoholic beverages|Siroop vruchtenlimonade- m suiker en zoetstof 10-15 g KH|Fruit drink conc w sugar and sweetener 10-15 g CHO|per 100g|47|0|11,7|0
2832|Pastry and biscuits|Cake chocolade- m roomboter|Cake chocolate made w butter|per 100g|400|5,8|46,7|20,6
2834|Potatoes and tubers|Aardappelbolletjes/-wafeltjes ed diepvries onbereid|Potato waffles/balls frozen unprepared|per 100g|175|2,6|24,3|6,9
2835|Non-alcoholic beverages|IJskoffie|Coffee iced|per 100g|72|2,7|10,2|2,3
2836|Cold meat cuts|Worst grill- m kaas|Sausage grill w cheese|per 100g|331|14,3|2,7|29,3
2837|Alcoholic beverages|Bier m vruchtensmaak|Beer w fruit flavour|per 100g|52|0,3|6|0
2840|Vegetables|Kool rode m appeltjes huishoudelijk bereid|Cabbage red w apple pieces home-made|per 100g|52|0,9|8,3|1,1
2843|Fruits|Ananas op eigen sap blik/glas|Pineapple in own juice tinned|per 100g|59|0,4|13,9|0,1
2844|Nuts and seeds|Noten macadamia- ongezouten|Nuts macadamia unsalted|per 100g|753|7,8|5,4|76,1
2846|Non-alcoholic beverages|Vruchtendrank m zuivel Taksi m zoetstof|Fruit drink w dairy Taksi w sweetener|per 100g|10|0,1|2,3|0
2851|Non-alcoholic beverages|Sap vruchten- mild multifruit m vit C|Juice multifruit mild w vit C|per 100g|49|0,4|11,7|0,1
2858|Meat substitutes and dairy substitutes|Drink soja- light verrijkt m calcium en vitamines Alpro|Drink soya light fortified w calcium and vitamins Alpro|per 100g|29|2,1|1,8|1,2
2859|Mixed dishes|Pannenkoek kaas- huishoudelijk bereid|Pancake w cheese homemade|per 100g|239|11,3|23,3|10,8
2862|Mixed dishes|Pannenkoek appel-rozijnen- huishoudelijk bereid|Pancake w apple and raisin homemade|per 100g|200|7,3|30,2|5
2863|Pastry and biscuits|Taart appel-noten|Pie apple-nuts|per 100g|346|5,5|39,3|18,1
2864|Pastry and biscuits|Koek stroop- m chocolade|Biscuit syrup w chocolate|per 100g|497|4|63,7|24,9
2868|Cereal products and types of flour|Pannenkoek huishoudelijk bereid m vloeibare margarine|Pancake homemade preprared w liquid margarin|per 100g|176|5,7|24,2|5,9
2869|Pastry and biscuits|Beignet appel-|Fritter apple|per 100g|265|2,5|17|20,4
2870|Sugar, sweets and sweet sauces|Candybar Lion|Candybar Lion|per 100g|493|5,5|65,5|22,9
2873|Sugar, sweets and sweet sauces|Dessertsaus karamel-|Sauce caramel for pudding|per 100g|302|2,7|63,9|3,9
2875|Fruits|Fruitsnack Knijpfruit/Slurpfruit|Fruit snack Knijpfruit/Slurpfruit|per 100g|63|0,4|14,2|0,2
2876|Bread|Brioche|Brioche|per 100g|338|8,5|50|11
2877|Cereal products and types of flour|Ontbijtproduct Weetabix original|Breakfast cereal Weetabix original|per 100g|362|12|69|2
2880|Non-alcoholic beverages|Koffie wiener melange oplos poeder|Coffee wiener melange instant powder|per 100g|427|9,4|65,9|13,6
2881|Non-alcoholic beverages|Koffie wiener melange oplos bereid|Coffee wiener melange instant prepared|per 100g|46|1|7,1|1,5
2883|Cold meat cuts|Runderrookvlees licht gezouten|Beef smoke-dried lightly salted|per 100g|116|22,8|0,7|2,5
2884|Sugar, sweets and sweet sauces|Suiker riet-|Cane sugar|per 100g|400|0,5|99,5|0
2885|Fruits|Cranberrycompote gezoet|Cranberry compote sweetened|per 100g|172|0,4|41,9|0,1
2886|Nuts and seeds|Noten cashew- gezouten|Cashew nuts salted|per 100g|615|21,2|20,8|48,9
2887|Nuts and seeds|Noten amandelen z vliesje gezouten|Almonds blanched salted|per 100g|631|21,7|7,1|55,8
2888|Meat substitutes and dairy substitutes|Plantaardig alternatief voor yoghurt obv soja m suiker verrijkt m calcium en vitamines|Plant-based alternative to yoghurt based on soya sweetened fortified w calcium and vitamins|per 100g|47|3,7|3,6|1,9
2890|Fruits|Cranberry gedroogd gezoet|Cranberries dried sweetened|per 100g|335|0,5|77,6|1,4
2891|Pastry and biscuits|Koek jode-|Biscuit Dutch Jodekoek|per 100g|505|4,5|65,2|24,9
2892|Pastry and biscuits|Wafel penny-|Waffle penny-|per 100g|562|5,8|47|38,5
2893|Pastry and biscuits|Cake Indische|Cake Indonesian|per 100g|313|4,3|60,8|5,7
2894|Pastry and biscuits|Biscuit digestive-|Biscuit digestive|per 100g|492|6,7|65,4|21,8
2895|Fats and oils|Halvarineproduct AH omega-3|Low fat spread AH omega-3|per 100g|345|0|0,8|38
2897|Non-alcoholic beverages|Limonade vruchten- Ocean Spray Cranberry classic|Juice drink Ocean Spray Cranberry classic|per 100g|37|0|9,3|0
2898|Cold meat cuts|Paardenrookvlees|Horse meat smoked|per 100g|103|21,7|0,9|1,4
2899|Meat and poultry|Balkenbrij|Scrapple, pork|per 100g|165|6,4|14,9|8,5
2900|Vegetables|Mais blik/glas|Sweetcorn tinned|per 100g|91|2,9|14,8|1,5
2901|Meat and poultry|Runderbraadworst gebakken|Sausage beef Braadworst prepared|per 100g|228|23,8|0,3|14,6
2902|Meat and poultry|Runderborstlappen bereid|Beef breast boneless prepared|per 100g|217|36,8|0|7,7
2903|Meat and poultry|Vink runder- gebakken|Beef olives prepared|per 100g|223|22,4|0,5|14,5
2904|Meat and poultry|Runder T-bone steak bereid|Beef T-bone steak prepared|per 100g|254|33,6|0|13,3
2905|Meat and poultry|Runder ribeye steak bereid|Beef ribeye steak prepared|per 100g|214|29,6|0|10,6
2906|Meat and poultry|Shoarmavlees varkens- bereid|Pork shoarma seasoning prepared|per 100g|239|28,2|0,6|13,8
2907|Meat and poultry|Spek rook- mager bereid|Bacon lean smoked prepared|per 100g|379|23,1|0|31,9
2908|Meat and poultry|Spareribs varkens- bereid|Pork sparerib prepared|per 100g|249|29,5|0,1|14,5
2909|Meat and poultry|Varkenspoulet bereid|Pork stewing meat prepared|per 100g|280|37,4|0|14,5
2910|Meat and poultry|Kalfsvleesreepjes gebakken|Veal stewing meat prepared|per 100g|185|27,1|0|8,5
2911|Meat and poultry|Kalfssukadelappen bereid|Veal stewing steak prepared|per 100g|158|27|0|5,5
2912|Meat and poultry|Kalfsbraadworst gebakken|Sausage veal Braadworst prepared|per 100g|237|22,9|0,4|16
2913|Meat and poultry|Kalfsriblappen bereid|Veal rib steak prepared|per 100g|197|27|0|9,9
2914|Meat and poultry|Kalfslappen mager bereid|Veal frying steak prepared|per 100g|142|28,4|0|3,1
2915|Meat and poultry|Kalfsoester bereid|Veal tenderloin medaillon prepared|per 100g|143|28,8|0|3,1
2916|Bread|Cracker VitaLU verrijkt m calcium|Cracker VitaLU fortified w calcium|per 100g|419|12|67,5|9,2
2921|Milk and milk products|Yoghurtdrank 7-9g KH|Yoghurt drink 7-9g CHO|per 100g|39|1,8|7,8|0
2922|Potatoes and tubers|Aardappelen vastkokend z schil gekookt gem|Potatoes waxy av wo skin boiled|per 100g|86|1,8|17,9|0,5
2923|Savoury snacks|Chips naturel|Crisps potato unflavoured|per 100g|541|6,4|51,3|33,5
2924|Savoury snacks|Chips paprika ea smaken|Crisps potato flavoured|per 100g|536|6,3|53,1|32,3
2925|Cheese|Kaas Mascarpone|Mascarpone cheese|per 100g|455|7,6|0,3|47
2926|Savoury snacks|Chips light paprika ea smaken|Crisps potato light flavoured|per 100g|481|7,2|63,5|21
2927|Savoury snacks|Fritessticks naturel|Crisps potato straws natural|per 100g|515|6,5|61|26,6
2928|Savoury snacks|Fritessticks paprika|Crisps potato straws flavoured|per 100g|529|6,5|60|28,5
2929|Savoury snacks|Chips Lays Sensations diverse smaken|Crisps potato Lays Sensations flavoured|per 100g|511|6,8|58|27,1
2930|Sugar, sweets and sweet sauces|Pasta chocolade- wit|Chocolate spread white|per 100g|592|4,6|53|40
2932|Soups|Soep 1-kops bereid|Soup portion prepared|per 100g|40|1|5,4|1,6
2933|Pastry and biscuits|Koek eier- volkoren/meergranen|Sponge cake wholemeal/multigrain|per 100g|305|8|59,3|3,2
2934|Fats and oils|Halvarineproduct Becel pro-activ calorie light|Low fat spead Becel pro-activ calorie light|per 100g|216|0,3|2|23
2935|Milk and milk products|Yoghurt volle Activia naturel|Yoghurt full fat plain Activia|per 100g|68|3,9|4,7|3,5
2936|Milk and milk products|Yoghurtdrank Activia|Yoghurt drink Activia|per 100g|64|3|10,8|0,9
2937|Bread|Toast Melba naturel|Toast Melba natural|per 100g|398|12,7|79,3|2,4
2938|Bread|Toast Melba overige soorten|Toast Melba other varieties|per 100g|403|15,4|64,9|7,2
2939|Meat substitutes and dairy substitutes|Plantaardig alternatief voor roomijs/yoghurtijs obv kokos|Plant-based alternative to icecream based on coconut|per 100g|195|1,4|21,8|11,2
2942|Mixed dishes|Pizza m kaas en groenten diepvries onbereid|Pizza w cheese and vegetables frozen unprepared|per 100g|232|9,3|25,9|9,7
2943|Mixed dishes|Pizza m vlees diepvries onbereid|Pizza w meat frozen unprepared|per 100g|228|9,2|26,5|9
2944|Mixed dishes|Pizza m vis diepvries onbereid|Pizza w fish frozen unprepared|per 100g|225|9,6|25,3|9
2945|Mixed dishes|Pizza salami diepvries onbereid|Pizza salami frozen unprepared|per 100g|259|9,9|27,4|11,8
2946|Mixed dishes|Pizza hawaii diepvries onbereid|Pizza w ham and pineapple frozen unprep|per 100g|221|8,5|27,4|8,2
2947|Fish, crustacean and shellfish|Rolmops|Herring pickled w gherkin|per 100g|182|16|0,5|12,8
2948|Mixed dishes|Salade ei- maaltijd|Salad egg w potato|per 100g|193|4,3|11,7|14,1
2949|Mixed dishes|Salade zalm- maaltijd|Salad salmon w potato|per 100g|199|3,1|15,9|13,2
2950|Mixed dishes|Salade vlees- maaltijd|Salad meat w potato|per 100g|168|3,8|14,2|10,2
2952|Pastry and biscuits|Kruidnoten m chocolade gem|Biscuit spiced small Kruidnoten w chocolate av|per 100g|488|6,2|65,9|21,6
2953|Miscellaneous foods|Zout zee-|Salt sea|per 100g|0|0|0|0
2954|Fruits|Appeltjes gedroogd geweekt|Apple dried soaked in water|per 100g|85|0,6|18,9|0,1
2955|Fruits|Peren gedroogd geweekt|Pear dried soaked in water|per 100g|83|0,6|18,9|0
2956|Fruits|Pruimen gedroogd geweekt|Prunes soaked in water|per 100g|57|0,5|13,9|0,1
2957|Fruits|Tuttifrutti gedroogd geweekt|Fruit mixed dried soaked in water|per 100g|96|1|21,2|0,1
2983|Foods for special nutritional use|Dreumesmelk Nutrilon 4 p 100 ml|Toddler formula Nutrilon 4 p 100 ml|per 100ml|65|1,5|8,5|2,6
2984|Foods for special nutritional use|Peutermelk Nutrilon 5 p 100 ml|Toddler formula Nutrilon 5 p 100 ml|per 100ml|50|1,3|6,5|1,9
2995|Cheese|Kaas smeer- 45+|Cheese spread 45+|per 100g|231|14,3|1|18,9
2996|Cold meat cuts|Worst Chorizo|Sausage Chorizo|per 100g|358|20,7|3,4|29,1
2997|Cold meat cuts|Worst grill-|Sausage grill|per 100g|310|13,2|3,1|27,2
3001|Cold meat cuts|Kalkoenfilet (vleeswaar)|Turkey (processed meat product)|per 100g|113|19,8|3,2|2,4
3002|Cold meat cuts|Spek katen-|Bacon smoked Katenspek|per 100g|309|14|1,2|27,6
3003|Meat and poultry|Worst knak- runder blik/glas|Sausage beef frankfurter type tinned|per 100g|180|13|7|11
3007|Bread|Tarwebrood bruin koolhydraatverlaagd|Wheat bread brown carbohydrate reduced|per 100g|241|17,2|21|8,9
3009|Alcoholic beverages|Shandy|Shandy|per 100g|42|0|9,7|0
3016|Meat and poultry|Kalfsschnitzel ongepaneerd rauw|Veal schnitzel not breaded raw|per 100g|104|22,4|0|1,6
3017|Meat and poultry|Gehakt kalfs- rauw|Minced veal raw|per 100g|214|19|0,3|15,1
3018|Meat and poultry|Kalfsoester rauw|Veal tenderloin medaillon raw|per 100g|108|22,9|0|1,9
3019|Meat and poultry|Kalfslappen mager rauw|Veal frying steak raw|per 100g|104|21,8|0|1,9
3020|Meat and poultry|Kalfsriblappen rauw|Veal rib steak raw|per 100g|167|20,6|0|9,4
3021|Meat and poultry|Kalfsbraadworst rauw|Sausage veal Braadworst raw|per 100g|217|17,2|0,5|16,1
3022|Meat and poultry|Kalfssukadelappen rauw|Veal stewing steak raw|per 100g|117|17,7|0|5,1
3023|Meat and poultry|Kalfsvleesreepjes rauw|Veal stewing meat raw|per 100g|98|22|0|1,1
3024|Meat and poultry|Varkenspoulet rauw|Pork stewing meat raw|per 100g|123|21,5|0|4,1
3025|Meat and poultry|Spek rook- mager rauw|Bacon lean smoked raw|per 100g|325|15,3|0|29,4
3026|Meat and poultry|Speklap bereid in eigen vet|Bacon rasher prepared in own fat|per 100g|435|29,1|0|35,4
3027|Meat and poultry|Shoarmavlees varkens- rauw|Pork shoarma seasoning raw|per 100g|146|19,9|0,6|7
3028|Meat and poultry|Runderborstlappen rauw|Beef breast boneless raw|per 100g|152|22,3|0|7
3029|Meat and poultry|Gehakt kalfs- rul gebakken|Minced veal shallow fried|per 100g|286|27,1|0,2|19,6
3030|Meat and poultry|Runderbraadworst rauw|Sausage beef Braadworst raw|per 100g|207|18,1|1|14,6
3031|Meat and poultry|Spareribs varkens- rauw|Pork sparerib raw|per 100g|200|20,4|0,1|13
3032|Meat and poultry|Runder ribeye steak rauw|Beef ribeye steak raw|per 100g|170|21,2|0|9,4
3033|Meat and poultry|Runder T-bone steak rauw|Beef T-bone steak raw|per 100g|189|22|0|11,2
3034|Meat and poultry|Gehakt mager runder- rauw|Minced beef lean raw|per 100g|182|20|0,3|11,1
3035|Meat and poultry|Gehakt mager runder- rul gebakken|Minced beef lean shallow fried|per 100g|293|29,6|0,4|19,1
3036|Savoury sauces|Jus 75% vet gebonden bereid m juspoeder|Gravy 75% fat thickend prep w gravy instant powder|per 100g|625|1,2|7,3|65,6
3037|Savoury sauces|Jus 75% vet ongebonden bereid m juspoeder|Gravy 75% fat clear prep w gravy instant powder|per 100g|632|1,2|5,1|67,4
3038|Savoury sauces|Jus 5% vet ongebonden bereid m juspoeder|Gravy 5% fat clear prep w gravy instant powder|per 100g|69|0,9|4,6|5,1
3039|Meat and poultry|Kalfsschnitzel ongepaneerd bereid|Veal schnitzel not breaded prepared|per 100g|144|29,4|0|2,9
3040|Meat substitutes and dairy substitutes|Schnitzel vegetarisch obv melk gevuld m kaas onbereid verrijkt m ijzer|Schnitzel vegetarian based on milk filled w cheese unprepared fortified w iron|per 100g|218|14,8|16,6|9,6
3041|Meat substitutes and dairy substitutes|Schnitzel vegetarisch obv melk gevuld diverse smaken onbereid verrijkt m ijzer|Schnitzel vegetarian based on milk filled several flavours unprepared fortified w iron|per 100g|206|11,4|19,8|8,3
3042|Mixed dishes|Pizza Turkse z toevoegingen|Pizza Turkish wo extras|per 100g|204|7,6|33,7|3,7
3043|Milk and milk products|Yoghurt Turkse 4% vet|Yoghurt Turkish 4% fat|per 100g|69|3,9|3,3|4,2
3044|Cheese|Kaas Turkse 60+ obv koemelk blik|Cheese Turkish 60+ cow's milk canned|per 100g|287|12,7|0,4|26
3045|Cheese|Kaas schapen-/geiten- Turkse 50+ blik|Cheese sheep/goat Turkish 50+ canned|per 100g|297|15,5|0,1|26,1
3046|Bread|Tarwebrood bruin Turks|Wheat bread brown Turkish|per 100g|248|10,6|44,2|1,7
3047|Milk and milk products|Yoghurt Turkse 10% vet|Yoghurt Turkish 10% fat|per 100g|119|3,5|3,1|10,1
3048|Vegetables|Paprika oranje rauw|Sweet pepper orange raw|per 100g|28|0,8|4,7|0,3
3049|Legumes|Bonen witte blik/glas|Beans white canned|per 100g|105|6,9|14|0,8
3050|Milk and milk products|Pap havermout- bereid m halfvolle melk ongezoet|Porridge oatmeal prepared w semi-skimmed milk unsweetened|per 100g|79|4,4|10,5|2
3051|Fats and oils|Olie lijnzaad-|Oil linseed|per 100g|900|0|0|100
3052|Fats and oils|Boterproduct melange ongezouten|Butter product melange unsalted|per 100g|676|0,7|0,9|74,3
3056|Bread|Tarwebrood bruin natriumarm|Wheat bread brown low sodium|per 100g|239|9,9|43,3|1,8
3058|Cereal products and types of flour|Zemelen haver-|Oat bran|per 100g|375|16,2|52,2|7,4
3060|Pastry and biscuits|Appelflap m bladerdeeg m roomboter|Apple turnover w puff pastry w butter|per 100g|311|2,6|43|13,7
3063|Sugar, sweets and sweet sauces|Siroop ahorn-|Syrup maple|per 100g|269|0|67,2|0,1
3064|Sugar, sweets and sweet sauces|Stroop appel- verrijkt m ijzer|Syrup apple fortified w iron|per 100g|287|1,6|67,6|0
3066|Milk and milk products|Room spuitbus minder vet m suiker|Cream whipped low fat w sugar canned|per 100g|222|2,6|11,3|18,5
3067|Sugar, sweets and sweet sauces|Snoepje room- hard|Sweets cream hard|per 100g|414|0,5|83,9|8,6
3069|Vegetables|Groente soep- gekookt|Vegetables for soup cooked|per 100g|31|1,1|4,6|0,3
3070|Fish, crustacean and shellfish|Tonijn bereid z vet|Tuna prepared wo fat|per 100g|122|29,2|0|0,6
3071|Fish, crustacean and shellfish|Tilapia bereid z vet|Tilapia prepared wo fat|per 100g|128|26,2|0|2,7
3072|Savoury snacks|Gefrituurde peulvruchtensnack Bara Surinaams|Deep fried legumes Bara Surinam|per 100g|284|7,3|39,8|9,6
3073|Legumes|Bonen mung- gekookt|Beans mung boiled|per 100g|102|7,6|13,3|0,4
3074|Milk and milk products|Yoghurt volle Activia m vruchten/vanille|Yoghurt full fat w fruit/vanilla Activia|per 100g|94|3,8|12,2|3
3075|Savoury snacks|Kaassouffle bereid m vlb frituurvet|Pastry puff cheese filled deep-fried in liquid fat|per 100g|359|7,3|29,8|23,1
3076|Cereal products and types of flour|Bladerdeeg m roomboter, bereid|Puff pastry w butter baked|per 100g|511|5,1|57|28,7
3080|Bread|Knackebrod glutenvrij Fette Croccanti Schar|Crispbread gluten free Fette Croccanti Schar|per 100g|368|7,4|79,1|1,9
3084|Cold meat cuts|Vleeswaren 10-20 g vet excl leverprod gem|Processed meat prod 10-20 g fat excl liver av|per 100g|200|15,3|3,3|14
3085|Vegetables|Amsoi gekookt|Mustard leaves boiled|per 100g|21|2|1,8|0,2
3086|Vegetables|Paksoi gekookt|Cabbage pak-choi cooked|per 100g|17|1,6|1,7|0,2
3115|Foods for special nutritional use|Peutermelk Hero Baby 4 p 100 ml|Toddler formula Hero Baby 4 p 100 ml|per 100ml|64|1,5|8,2|2,7
3117|Foods for special nutritional use|Peutermelk Hero Baby 5 p 100 ml|Toddler formula Hero Baby 5 p 100 ml|per 100ml|64|1,5|8,2|2,7
3127|Vegetables|Pastinaak rauw|Parsnip raw|per 100g|71|1,8|11|1,1
3128|Vegetables|Pastinaak gekookt|Parsnip boiled|per 100g|68|1,6|11,4|1,2
3129|Foods for special nutritional use|Dreumesmelk Nestle groeimelk 1+ p 100 ml|Toddler formula Nestle groeimelk 1+ p 100 ml|per 100ml|70|1,9|8,5|3,1
3130|Foods for special nutritional use|Dreumesmelk Nestle groeimelk 2+ p 100 ml|Toddler formula Nestle groeimelk 2+ p 100 ml|per 100ml|71|2,1|9,9|2,5
3134|Vegetables|Sopropo gekookt|Bitter gourd pods boiled|per 100g|18|0,8|2,3|0,2
3135|Vegetables|Okra gekookt|Okra boiled|per 100g|22|1,9|2|0,2
3137|Fish, crustacean and shellfish|Bakkeljauw (gedroogde gezouten kabeljauw) geweekt gekookt|Cod dried, salted, soaked, boiled|per 100g|138|32,5|0|0,9
3138|Savoury sauces|Saus ketjap-|Soy sauce based on Ketjap|per 100g|253|1,6|61|0,1
3139|Meat and poultry|Gehakt kippen- rauw|Mince chicken raw|per 100g|147|21,5|0|6,8
3152|Fats and oils|Margarineproduct 60% vet >17g verz vetz gezouten|Margarine product 60% fat >17 g sat fa salted|per 100g|532|0,2|0,2|59
3153|Cereal products and types of flour|Quinoa rauw|Quinoa raw|per 100g|354|14,1|57,2|6,1
3154|Cereal products and types of flour|Quinoa gekookt|Quinoa cooked|per 100g|114|4,4|18,5|1,9
3155|Cheese|Kaas 30+ jong|Cheese 30+ age 4-8 weeks|per 100g|280|30,1|0|17,7
3156|Foods for special nutritional use|Zuigelingenvoeding Kruidvat Standaard 1 p 100 ml|Infant formula Kruidvat Standaard 1 p 100 ml|per 100ml|67|1,3|7,6|3,3
3157|Foods for special nutritional use|Opvolgmelk Kruidvat Standaard 2 p 100 ml|Toddler formula Kruidvat Standaard 2 p 100 ml|per 100ml|69|1,4|8,9|3
3158|Foods for special nutritional use|Opvolgmelk Kruidvat Standaard 3 p 100 ml|Toddler formula Kruidvat Standaard 3 p 100 ml|per 100ml|71|1,5|9|3,1
3163|Cheese|Kaas 30+ jong belegen|Cheese 30+ age 8 wk-4 mths|per 100g|278|29,3|0|17,9
3164|Cheese|Kaas 30+ belegen|Cheese 30+ age 4-7 mths|per 100g|306|31,9|0|19,8
3165|Cheese|Kaas 30+ oud|Cheese 30+ age 10-12 mths|per 100g|307|31,7|0|20
3166|Cheese|Kaasproduct m plantaardige vetten Kees jong belegen|Cheeseproduct w veg fat Kees jong belegen|per 100g|387|29|0|30,1
3167|Cheese|Kaasproduct m plantaardige vetten Kees oud|Cheeseprod w veg fat Kees oud|per 100g|403|31|0|31
3174|Savoury bread spreads|Spread sandwich- overige smaken|Sandwich spread other flavours|per 100g|186|1,6|14,9|13,2
3175|Savoury bread spreads|Salade coleslaw|Salad coleslaw|per 100g|191|1,4|7,1|16,9
3176|Meat substitutes and dairy substitutes|Plantaardig alternatief voor room obv soja Alpro Cuisine Light|Plant-based alternative to cream based on soya Alpro Cuisine Light|per 100g|61|2|2,5|4,7
3180|Meat substitutes and dairy substitutes|Drink soja- z suiker verrijkt m calcium en vitamines|Drink soya wo sugar fortified w calcium and vitamins|per 100g|34|3,4|0,6|1,8
3184|Legumes|Bonen kidney- rode blik/glas|Beans kidney red canned|per 100g|116|8,2|15,1|0,7
3185|Legumes|Erwten kikker- blik/glas|Peas chick canned|per 100g|140|7,9|17,9|2,5
3190|Bread|Tarwebrood volkoren verrijkt m vit D en vezel Vollerkoren|Wheat bread wholemeal fortified w vit D and fibre Vollerkoren|per 100g|231|10,6|35,6|3
3191|Cereal products and types of flour|Pasta verrijkt m vezel rauw|Pasta fortified w fibre raw|per 100g|336|11|64|1,5
3192|Soups|Bouillon 1-kops bereid|Stock portion prepared|per 100g|6|0,3|0,9|0,1
3194|Bread|Meergranenbrood bruin m zaden verrijkt m ijzer en vitamines Vikorn Vitaminebrood|Multigrain bread brown w seeds fortified w iron and vitamins Vikorn Vitaminebrood|per 100g|265|11,4|39,9|5,5
3195|Bread|Meergranenbrood bruin m zaden verrijkt m ijzer en vitamines Vikorn Volvezel|Multigrain bread brown w seeds fortified w iron and vitamins Vikorn Volvezel|per 100g|268|11,1|39,4|5,8
3198|Fruits|Mispel|Medlar|per 100g|50|0,5|10,6|0,2
3199|Fish, crustacean and shellfish|Ansjovis rauw|Anchovy raw|per 100g|125|20,4|0|4,8
3200|Cereal products and types of flour|Tarwe gebroken bulgur gekookt|Bulgur wheat cooked|per 100g|80|3,1|14,1|0,2
3201|Milk and milk products|Yoghurtdrank Ayran Turks|Yogurt drink Ayran Turkish|per 100g|33|2,3|2|1,6
3202|Mixed dishes|Manti gevulde pasta gekookt Turks|Manti stuffed pasta cooked Turkish|per 100g|145|7,4|23,4|2,2
3203|Cold meat cuts|Rundvlees gezouten gedroogd gekruid Pastirma Turks|Beef salted dried seasoned Pastirma Turkish|per 100g|155|30|2|3
3204|Meat and poultry|Gehakt runder- ambachtelijke slagerij rauw|Minced beef from butcher raw|per 100g|180|20|0,3|10,9
3206|Cereal products and types of flour|Mihoen gekookt|Noodles boiled|per 100g|103|1,8|23|0,2
3207|Savoury bread spreads|Hummus naturel|Hummus natural|per 100g|320|7,7|11,3|25,8
3208|Vegetables|Zeekraal rauw|Glasswort raw|per 100g|14|0,7|1,1|0,2
3209|Bread|Tarwebrood volkoren fijn m zaden|Wheat bread wholemeal fine w seeds|per 100g|273|12,3|35,7|7,3
3210|Bread|Tarwebrood volkoren fijn m zonnebloempitten|Wheat bread wholemeal fine w sunflower seeds|per 100g|283|11,8|36,1|8,6
3211|Bread|Tarwebrood volkoren grof m zaden|Wheat bread wholemeal coarse w seeds|per 100g|276|12,6|35,4|7,5
3212|Bread|Tarwebrood volkoren grof m zonnebloempitten|Wheat bread wholemeal coarse w sunflower seeds|per 100g|285|12,1|35,8|8,8
3213|Bread|Tarwebrood volkoren grof m pompoenpitten|Wheat bread wholemeal coarse w pumpkin seeds|per 100g|276|13,6|34,6|7,7
3214|Alcoholic beverages|Bier wit|Beer white|per 100g|47|0,5|3,7|0
3215|Alcoholic beverages|Wodka|Vodka|per 100g|234|0|0|0
3216|Legumes|Erwten split- groene gekookt|Peas split green boiled|per 100g|122|7,9|16,6|1,2
3218|Non-alcoholic beverages|Vruchtendrank appelnectar|Fruit juice drink apple nectar|per 100g|37|0|9,1|0
3219|Fruits|Kiwi gele|Kiwi fruit yellow|per 100g|66|1|12,4|0,3
3220|Vegetables|Asperge groene rauw|Asparagus green raw|per 100g|28|3|2,8|0,1
3221|Fruits|Olijven zwart in water blik/glas|Olives ripe in brine tinned/glass|per 100g|162|0,9|1,7|14
3222|Savoury sauces|Pesto rode|Pesto red|per 100g|368|5|7|35
3223|Cold meat cuts|Worst grill- kip|Sausage grill chicken|per 100g|209|13,8|4,4|15
3224|Vegetables|Groente roerbakmix Hollandse gekookt|Vegetables for stir-frying Dutch cooked|per 100g|26|1,6|3,2|0,3
3225|Vegetables|Groente roerbakmix Italiaanse gekookt|Vegetables for stir-frying Italian cooked|per 100g|27|1,1|3,9|0,3
3226|Vegetables|Groente roerbakmix oosterse gekookt|Vegetables for stir-frying oriental cooked|per 100g|22|1|2,8|0,2
3227|Vegetables|Zeewier nori gedroogd|Seaweed nori dried|per 100g|254|31,5|10,5|1,5
3228|Cereal products and types of flour|Noodles instant bereid|Noodles instant prepared|per 100g|227|3,4|27,8|11,1
3229|Savoury bread spreads|Salade kip-sate- lunch/borrel|Salad chicken satay|per 100g|262|9,6|16,5|17,3
3230|Savoury bread spreads|Salade zalm- lunch/borrel|Salad salmon|per 100g|338|9,3|5,2|31
3231|Savoury bread spreads|Salade tonijn- lunch/borrel|Salad tuna|per 100g|288|11,4|6,2|24,1
3232|Savoury bread spreads|Salade krab- lunch/borrel|Salad crab|per 100g|282|5,2|11,5|24
3233|Savoury bread spreads|Salade garnalen- lunch/borrel|Salad shrimp|per 100g|299|6,7|5,9|27,6
3235|Savoury snacks|Popcorn zoute gepoft z olie|Popcorn salted popped wo oil|per 100g|377|12,7|70,3|3,9
3236|Bread|Tarwestokbrood wit m kruidenboter kant-en-klaar|Wheat baguette white w herb butter ready-to-eat|per 100g|303|7,8|39,4|12,2
3237|Pastry and biscuits|Oliebol ongevuld|Doughnut Dutch style plain|per 100g|245|6,5|32,2|9,6
3238|Pastry and biscuits|Brownie ongevuld|Brownie wo filling|per 100g|421|4,4|55,4|19,8
3239|Pastry and biscuits|Taai-taai|Biscuit Dutch Taai-taai|per 100g|353|5,3|79,9|0,9
3240|Milk and milk products|Melk halfvolle lactosevrij|Milk semi-skimmed lactose free|per 100g|44|3,4|4,4|1,5
3241|Fats and oils|Boter kruiden-|Herb butter|per 100g|623|1,2|2,1|67,7
3242|Sugar, sweets and sweet sauces|Stroop schenk-|Golden syrup pourable|per 100g|288|0|72|0
3243|Fats and oils|Olie kokos-|Oil coconut|per 100g|892|0|0|99,1
3244|Sugar, sweets and sweet sauces|Fudge/karamel zachte|Fudge/caramel soft|per 100g|435|1,9|70,8|16
3245|Sugar, sweets and sweet sauces|Muisjes gestampte/roze&witte/blauwe&witte|Aniseed comfits crushed/pink&white/blue&white|per 100g|402|2|92|2,4
3246|Sugar, sweets and sweet sauces|Vlokken chocolade- mix wit en puur|Chocolate flakes mix white and dark|per 100g|450|3,2|75,2|14,4
3247|Non-alcoholic beverages|Siroop vruchtenlimonade- m suiker en zoetstof 20-25 g KH|Fruit drink conc w sugar and sweetener 20-25 g CHO|per 100g|94|0,1|23,3|0
3248|Non-alcoholic beverages|Siroop vruchtenlimonade- m 45-50 mg vit C|Fruit drink conc w 45-50 mg vit C|per 100g|238|0|59,6|0
3249|Sugar, sweets and sweet sauces|Mentos|Mentos cheewy dragee|per 100g|387|0|92,5|1,9
3250|Cereal products and types of flour|Pasta glutenvrij gekookt|Pasta gluten free cooked|per 100g|143|3,6|29,5|1
3251|Cereal products and types of flour|Pasta verrijkt m vezel gekookt|Pasta fortified w fibre boiled|per 100g|134|4,4|25,6|0,6
3252|Fish, crustacean and shellfish|Surimi|Surimi|per 100g|122|6,8|15,5|3,6
3253|Savoury snacks|Chips tortilla overige smaken|Crisps tortilla several flavours|per 100g|487|6,6|56,6|25
3254|Vegetables|Groente roerbakmix champignon gekookt|Vegetables for stir-frying mushroom cooked|per 100g|25|1,9|2,6|0,3
3256|Fish, crustacean and shellfish|Sardines gegrild|Sardines grilled|per 100g|171|25,3|0|7,8
3257|Fish, crustacean and shellfish|Vis vet >5 g vet gem bereid in magnetron z toev|Fish fatty >5 g fat prepared in microwave oven no ingredients added|per 100g|202|24,7|0|11,5
3258|Cereal products and types of flour|Filodeeg onbereid|Filo pastry unprepared|per 100g|286|8|57,9|1,9
3259|Milk and milk products|Melkdrank Yakult Plus|Milkbased drink Yakult Plus|per 100g|45|1,3|10,2|0
3267|Alcoholic beverages|Bier Radler|Beer w fruitjuice Radler|per 100g|39|0,4|6,5|0
3268|Alcoholic beverages|Bier bok-|Beer bock|per 100g|61|0,6|5,2|0
3282|Milk and milk products|Yoghurt halfvolle lactosevrij|Yoghurt semi-skimmed lactose free|per 100g|42|4,5|2|1,5
3316|Milk and milk products|Yoghurtdrank Actimel vruchten|Yoghurt drink Actimel fruit|per 100g|72|2,7|11,7|1,5
3318|Fish, crustacean and shellfish|Koolvis (Alaska) rauw|Pollock (Alaska) raw|per 100g|72|16,4|0|0,7
3319|Fish, crustacean and shellfish|Koolvis (Alaska) gestoomd|Pollock (Alaska) steamed|per 100g|120|27,4|0|1,2
3320|Fish, crustacean and shellfish|Garnalen roze gekookt|Prawns cooked|per 100g|70|15,4|0|0,9
3321|Fish, crustacean and shellfish|Tongschar rauw|Lemon sole raw|per 100g|73|16,7|0|0,7
3322|Fish, crustacean and shellfish|Pangasius rauw|Pangasius raw|per 100g|74|14,9|0|1,6
3323|Potatoes and tubers|Rostirondjes diepvries onbereid|Rosti rounds frozen unprepared|per 100g|178|2|24,5|7,3
3324|Cold meat cuts|Vleeswaren natriumarm|Processed meat products low sodium|per 100g|179|16,1|3,5|11,1
3325|Bread|Wafel rijst- naturel z zout|Rice cake puffed plain wo salt|per 100g|390|6,6|81,8|3
3326|Bread|Tarwebrood volkoren fijn m pompoenpitten|Wheat bread wholemeal fine w pumpkin seeds|per 100g|274|13,2|34,9|7,5
3327|Bread|Tarwebrood gem v bruin en volkoren|Wheat bread av brown and wholemeal |per 100g|237|10,5|41,1|2
3328|Bread|Tarwebrood gem v bruin en volkoren m zaden|Wheat bread av brown and wholemeal w seeds|per 100g|276|11,9|37,4|7,2
3330|Fats and oils|Halvarineproduct Vita d'Or Goed begin|Low fat margarine product Vita d'Or Goed begin|per 100g|347|0|1,1|38
3331|Vegetables|Artisjokharten blik/glas|Artichoke hearts canned|per 100g|27|2,1|1,5|0,4
3332|Vegetables|Sla romaine rauw|Lettuce romaine raw|per 100g|17|1,2|1,2|0,3
3333|Potatoes and tubers|Aardappel(product) naturel voorgekookt koelvers|Potato product natural precooked chilled|per 100g|80|1,7|16,6|0,4
3334|Fats and oils|Olie rijst-|Oil rice bran|per 100g|900|0|0|100
3335|Fats and oils|Olie frituur-|Frying oil|per 100g|900|0|0|100
3336|Fruits|Olijven gem in water blik/glas|Olives av in brine tinned/glass|per 100g|122|0,9|0,8|11,6
3340|Fats and oils|Halvarine 40% vet <17 g verz vetz verrijkt m vit E gezouten|Low fat margarine 40% fat <17g sat fa fortified w vit E salted|per 100g|360|0|0|40
3341|Fruits|Meloen cantaloupe|Melon cantaloupe|per 100g|38|0,8|7,9|0,2
3342|Fats and oils|Bak- en braadvet Vita d'Or Vlees&jus vloeibaar|Cooking fat liq Vita d'Or vlees&jus|per 100g|878|0,3|0,9|97
3343|Savoury sauces|Saus chili-|Sauce chilli|per 100g|149|0,3|35,8|0,3
3344|Savoury sauces|Saus knoflook- 30-<40% olie|Sauce garlic 30-<40% oil|per 100g|378|1|12|36,2
3345|Cold meat cuts|Runderrosbief (vleeswaar)|Roastbeef|per 100g|156|27,2|0,2|5,1
3346|Cereal products and types of flour|Ontbijtproduct Special flakes m chocolade|Breakfast cereal Special flakes w chocolate|per 100g|404|8,8|73,4|6,7
3349|Mixed dishes|Saus bolognese- kant-en-klaar glas|Sauce bolognese ready-to-eat jar|per 100g|101|4,3|8,5|5,3
3350|Sugar, sweets and sweet sauces|Hagelslag chocolade- extra puur|Chocolate sprinkles extra dark|per 100g|424|7,8|53,7|18,3
3351|Sugar, sweets and sweet sauces|Marmelade|Marmalade|per 100g|260|0,3|63,9|0,2
3352|Herbs and spices|Soeppoeder|Soup instant powder|per 100g|372|9,6|54,2|12,1
3353|Savoury snacks|Zoutje luchtig mais- Organix Goodies|Cocktail snacks based on corn Organix Goodies|per 100g|452|8,2|73,2|13,7
3355|Sugar, sweets and sweet sauces|Vlokken chocolade- wit|Chocolate flakes white|per 100g|458|5,9|77|14
3356|Cheese|Kaas Heks'n-|Cheesespread Heks'n kaas|per 100g|356|1,9|9,7|34,3
3357|Sugar, sweets and sweet sauces|Siroop gember-|Syrup ginger|per 100g|215|0|52,2|0,4
3358|Sugar, sweets and sweet sauces|Schuimpje|Solid foamed candy Dutch Schuimpje|per 100g|366|2,1|89,2|0,1
3359|Non-alcoholic beverages|Kokoswater naturel|Coconut water plain|per 100g|18|0|4,5|0
3360|Sugar, sweets and sweet sauces|Stroop appel- peren|Syrup apple-pear|per 100g|253|1,1|60,3|0
3362|Cheese|Kaas Feta|Cheese Feta|per 100g|274|16,6|0,6|22,8
3363|Savoury snacks|Nasischijf diepvries onbereid|Rice ball spiced frozen unprepared|per 100g|197|5,3|31,4|5,4
3364|Milk and milk products|Yoghurtdrank verrijkt m calcium|Yoghurt drink fortified w calcium|per 100g|55|1,8|11,7|0
3366|Non-alcoholic beverages|Vruchtendrank m zuivel m suiker en zoetstof|Fruit drink w dairy w sugar and sweetener|per 100g|32|0,1|7,8|0
3367|Savoury snacks|Kroket oven- vlees diepvries onbereid|Croquette oven meat frozen unprepared|per 100g|247|8,1|21,5|14
3368|Cheese|Kaas room- m kruiden 25-30 g vet|Cheese cream w herbs 25-30 g fat|per 100g|291|5,3|3,4|28,4
3369|Sugar, sweets and sweet sauces|IJs sorbet-|Sorbet|per 100g|126|0,2|30,8|0,1
3370|Cheese|Kaas witte 45+|Cheese white 45+ feta-like from cow's milk|per 100g|247|17,1|0,6|19,6
3371|Savoury snacks|Bitterbal oven- diepvries onbereid|Croquette Dutch Bitterbal oven frozen unprepared|per 100g|246|7,9|21,3|14,1
3372|Fats and oils|Halvarineproduct Vita d'Or Bewust light|Low fat margarine product Vita d'Or Bewust light|per 100g|270|0|0|30
3373|Savoury snacks|Broodje frikandel- bladerdeegbasis|Snack roll puff pastry w Dutch sausage Frikandel|per 100g|327|8|25,4|21,2
3374|Bread|Focaccia|Focaccia|per 100g|266|7,7|38,4|8,7
3375|Savoury snacks|Zoutje bladerdeeg-|Salty puff pastry cocktail snacks|per 100g|501|10|53|27
3376|Fats and oils|Olie sesam-|Oil sesame|per 100g|898|0,2|0|99,7
3377|Cheese|Kaas Ricotta|Cheese Ricotta|per 100g|141|8|3,9|10,3
3378|Nuts and seeds|Pinda's omhuld m melkchocolade|Peanuts milkchocolate coated|per 100g|568|16,1|35,5|39,1
3382|Foods for special nutritional use|Dreumesmelk Kruidvat 4 p 100 ml|Toddler formula Kruidvat 4 p 100 ml|per 100ml|68|1,5|8,9|2,8
3383|Foods for special nutritional use|Peutermelk Kruidvat 5 p 100 ml|Toddler formula Kruidvat 5 p 100 ml|per 100ml|51|1,2|6,9|1,9
3442|Cereal products and types of flour|Ontbijtproduct Tresor Kellogg's|Breakfast cereal Tresor Kellogg's|per 100g|452|7,3|69|15,5
3444|Cereal products and types of flour|Ontbijtproduct Honey pops Kellogg's|Breakfast cereal Honey pops Kellogg's|per 100g|384|5,2|85|1,5
3445|Fruits|Bessen goji- gedroogd|Goji berries dried|per 100g|343|14,3|64,1|0,4
3446|Nuts and seeds|Hennepzaad|Hemp seed|per 100g|592|31,6|4,7|48,8
3447|Nuts and seeds|Chiazaad gedroogd|Chia seeds dried|per 100g|443|16,5|7,7|30,7
3448|Fruits|Bessen moerbei- rauw|Mulberries raw|per 100g|45|1,4|8,1|0,4
3449|Fats and oils|Olie koolzaad-/raapzaad-|Oil rapeseed|per 100g|899|0|0|99,9
3450|Herbs and spices|Munt vers|Mint fresh|per 100g|49|3,8|5,1|0,7
3451|Fats and oils|Olie palm-|Oil palm|per 100g|899|0|0|99,9
5039|Non-alcoholic beverages|Koffie latte macchiato vers bereid|Coffee latte macchiato freshly made|per 100g|46|2,5|3,4|2,5
5040|Bread|Tarwebrood volkoren tijger- |Wheat bread wholemeal Tijger|per 100g|238|10,8|40,4|2,3
5041|Fats and oils|Olie plantaardig gem|Oil vegetable av|per 100g|898|0,1|0|99,7
5042|Sugar, sweets and sweet sauces|Drop m schuim|Liquorice Dutch type sweet w foam|per 100g|334|6,1|76,6|0,3
5043|Bread|Tarwemaisbrood wit m zaden|Wheat corn bread white w seeds|per 100g|298|12,2|40,7|8,2
5044|Bread|Tarwebrood wit gem v melk- en waterwit m zaden|Wheat bread white av milk/water based w seeds|per 100g|288|10,7|43,5|6,9
5048|Potatoes and tubers|Aardappel(product) gekruid voorgekookt koelvers|Potato product seasoned precooked chilled|per 100g|80|1,7|16,6|0,4
5049|Nuts and seeds|Noten amandelen m vliesje ongezouten|Almonds w skin unsalted|per 100g|622|25,4|5|53,4
5050|Nuts and seeds|Noten para- gezouten|Brazil nuts salted|per 100g|687|14,3|2,6|67,1
5051|Pastry and biscuits|Biscuit melk- AH/Jumbo|Biscuit milkbiscuit AH/Jumbo|per 100g|488|9,9|62|21
5054|Non-alcoholic beverages|Thee automaat- m suiker|Tea vending machine w sugar|per 100g|15|0|3,7|0
5059|Non-alcoholic beverages|Koffie automaat- m suiker|Coffee from vending machine w sugar|per 100g|16|0,2|3,8|0
5062|Soups|Soep tomaten- m vermicelli|Soup tomato w noodles|per 100g|24|0,8|3,6|0,6
5063|Pastry and biscuits|Biscuit ontbijt- Liga Belvita|Biscuit Liga Belvita ontbijtbiscuits|per 100g|446|7,7|67,7|14,8
5064|Sugar, sweets and sweet sauces|Kikkers/muizen fondant m chocolade|Frogs/mice fondant w chocolate|per 100g|393|1|84,7|5,3
5065|Non-alcoholic beverages|Sap vruchten- Healthy People Cranberry|Juice fruit Healthy People Cranberry|per 100g|49|0,1|12|0
5068|Non-alcoholic beverages|Bier Radler alcoholvrij|Beer w fruit juice Radler alcohol free|per 100g|34|0,2|8,3|0
5072|Cereal products and types of flour|Rijst noten- rauw m geconfijt fruit, noten en zaden|Rice white raw w candied fruit, nuts and seeds|per 100g|385|7,9|51,7|15,1
5074|Savoury bread spreads|Salade kaas- lunch/borrel|Salad cheese|per 100g|422|9|6,8|39,4
5079|Fruits|Perzik m schil|Peach w skin|per 100g|40|1|7,2|0,1
5082|Non-alcoholic beverages|Vruchtendrank sap m water|Fruit juice drink juice and water|per 100g|22|0,2|5|0
5083|Pastry and biscuits|Koek ontbijt- m chocolade|Cake Dutch spiced ontbijtkoek w chocolate|per 100g|316|2,8|67,1|3,3
5084|Milk and milk products|Pap Nestle Pyjamapapje kant-en-klaar|Porridge Nestle Pyjamapapje ready-to-eat|per 100g|83|2,3|12,3|2,7
5088|Meat substitutes and dairy substitutes|Gehakt rul vegetarisch obv soja onbereid verrijkt m ijzer en vit B12 De Vegetarische Slager|Minced meat vegetarian based on soya unprepared fortified w iron and vitamin B12 De Vegetarische Slager|per 100g|125|24|2,9|0,5
5089|Sugar, sweets and sweet sauces|Suiker poeder-|Sugar powdered|per 100g|396|0|99|0
5091|Sugar, sweets and sweet sauces|Chocolade gevuld m karamel Rolo|Chocolate filled w caramel Rolo|per 100g|477|4,4|68,4|20,4
5094|Cold meat cuts|Varkensrollade (vleeswaar)|Pork rolled (processed meat product)|per 100g|129|19,7|1,1|5,1
5095|Bread|Cracker mini- naturel|Cracker mini unflavoured|per 100g|442|10,9|69,3|12,9
5098|Bread|Cracker mini- m smaakje|Cracker mini flavoured|per 100g|435|10,4|68,3|12,6
5099|Potatoes and tubers|Aardappelschijfjes/-partjes ed gekruid diepvries onbereid|Potatoes slices/parts frozen w spices unprepared|per 100g|134|2,5|21,2|3,8
5100|Savoury sauces|Tapenade v tomaten|Tapenade tomato|per 100g|291|3,1|12,2|24,7
5101|Meat substitutes and dairy substitutes|Drink rijst- z suiker|Rice drink wo sugar|per 100g|65|0,3|13,7|1
5102|Savoury sauces|Aioli|Aioli|per 100g|726|1,5|2,9|78,6
5104|Bread|Knackebrod Oerknack Bolletje|Crispbread Oerknack Bolletje|per 100g|427|15|60,3|12,3
5106|Bread|Beschuit boeren-|Crispbakes Dutch farmers type|per 100g|440|16|56|15
5110|Nuts and seeds|Noten wal- gezouten|Walnuts salted|per 100g|706|15,9|5,1|68,1
5111|Nuts and seeds|Noten macadamia gezouten|Nuts macadamia salted|per 100g|753|7,8|5,4|76,1
5112|Nuts and seeds|Noten pistache ongezouten|Pistachio nuts unsalted|per 100g|592|23,8|10,8|48,3
5113|Nuts and seeds|Noten amandelen m vliesje gezouten|Almonds w skin salted|per 100g|622|25,4|5|53,4
5116|Meat substitutes and dairy substitutes|Drink amandel- m suiker verrijkt m calcium en vitamines|Drink almond w sugar fortified w calcium and vitamins|per 100g|23|0,4|2,9|1,1
5119|Meat substitutes and dairy substitutes|Drink amandel- z suiker verrijkt m calcium en vitamines|Drink almond unsweetened fortified w calcium and vitamins|per 100g|13|0,3|0,5|1,1
5120|Fruits|Kiwi gem|Kiwi fruit av|per 100g|64|1|11,4|0,6
5121|Savoury sauces|Guacamole|Guacamole|per 100g|153|1,7|2,5|14,5
5122|Sugar, sweets and sweet sauces|Glazuur suiker-|Icing (sugar)|per 100g|354|0|88,4|0
5126|Cereal products and types of flour|Ontbijtproduct Cornflakes Plus/1 de Beste|Breakfast cereal cornflakes Plus/1 de Beste|per 100g|375|7,8|83|0,5
5127|Fats and oils|Boterproduct melange gezouten|Butter product melange salted|per 100g|675|0,7|0,9|74,3
5133|Cereal products and types of flour|Ontbijtproduct Honey hoops Crownfield|Breakfast cereal Honey hoops Crownfield|per 100g|386|9,1|76,8|3
5134|Cereal products and types of flour|Ontbijtproduct Chocoschelpjes G'woon|Breakfast cereal Chocoschelpjes G'woon|per 100g|381|10|75,6|2,9
5139|Non-alcoholic beverages|Siroop vruchtenlimonade- m zoetstof Karvan Cevitam|Fruit drink concentrate w sweetener Karvan Cevitam|per 100g|25|0,2|5,9|0
5140|Bread|Wafel rijst- m vruchtensmaak Organix|Rice cakes puffed w fruit flavour Organix|per 100g|390|6,8|88|1,1
5141|Savoury sauces|Tzatziki|Tzatziki|per 100g|156|4|4,1|13,4
5143|Pastry and biscuits|Cake madeleine cakereepjes Lotus|Cake madeleine cake bars Lotus|per 100g|424|6,2|49,4|21,4
5146|Pastry and biscuits|Kruidnoten|Biscuit spiced small Kruidnoten|per 100g|442|5,8|77,1|11,8
5147|Sugar, sweets and sweet sauces|Chocolade extra puur|Chocolate extra dark|per 100g|578|9,2|27,2|45,4
5149|Cereal products and types of flour|Bakmix voor pannenkoeken meergranen-|Bakery mix for pancakes multigrain|per 100g|339|11,4|63,8|2
5152|Milk and milk products|IJs room- m karamel en noten|Ice cream dairy w caramel and nuts|per 100g|243|3,2|29,8|12,3
5153|Herbs and spices|Saus oester-|Sauce oyster|per 100g|105|1,5|24,3|0,2
5156|Herbs and spices|Anijszaad|Anise seed|per 100g|384|17,6|35,4|15,9
5158|Nuts and seeds|Noten pecan- gebrand m olie gezouten|Pecannuts oil roasted salted|per 100g|750|9,2|4,3|75,2
5160|Cereal products and types of flour|Rijst noten- gekookt m geconfijt fruit, noten en zaden|Rice white boiled w candied fruit, nuts and seeds|per 100g|206|5,6|30,8|6,3
5163|Meat and poultry|Gehaktbal varkens- m ei en paneermeel rauw|Minced meat ball pork raw w egg and breadcrumbs|per 100g|187|19,1|5,1|9,9
5164|Cereal products and types of flour|Ontbijtproduct Honingringetjes 1 de Beste|Breakfast cereal honey loops 1 de Beste|per 100g|381|9|76,7|2,8
5165|Cold meat cuts|Worst met-|Sausage dried metworst|per 100g|484|22,3|2,7|42,5
5167|Legumes|Bonen black eyed blik/glas|Beans black eyed canned|per 100g|126|7,8|18,9|0,9
5168|Legumes|Bonen bruine gekookt|Beans brown boiled|per 100g|108|6,1|15,2|0,7
5169|Legumes|Linzen bruine blik/glas|Lentils brown canned|per 100g|112|7,6|15,6|0,8
5170|Legumes|Bonen cannellini blik/glas|Beans cannellini canned|per 100g|113|7,1|15|1,1
5171|Legumes|Bonen chili- blik/glas|Beans chilli canned|per 100g|106|6,3|15,8|0,8
5172|Legumes|Kapucijners jonge blik/glas|Peas marrowfat young canned|per 100g|93|5,7|13,2|0,7
5173|Legumes|Bonen kidney- rode gekookt|Beans kidney red boiled|per 100g|115|8,3|13,9|0,7
5174|Legumes|Linzen rode gekookt|Lentils red boiled|per 100g|110|7,7|16,1|0,6
5175|Legumes|Bonen witte gekookt|Beans white boiled|per 100g|113|7,8|13,4|1
5176|Legumes|Bonen zwarte blik/glas|Beans black canned|per 100g|113|7,9|14,1|1
5177|Soups|Soep erwten- m vlees|Soup split pea w meat|per 100g|77|4,9|6,3|3
5182|Savoury snacks|Berenklauw bereid m vloeibaar frituurvet|Meatball Berenklauw deep-fried in liquid fat|per 100g|213|10,3|4,9|16,6
5183|Savoury snacks|Kipkorn bereid m vloeibaar vet|Chicken sticks breaded deep-fried in liquid fat|per 100g|381|11,6|16,5|29,7
5195|Fats and oils|Vet kippen-|Fat chicken|per 100g|900|0|0|100
5196|Fats and oils|Olie palmpit-|Oil palmkernel|per 100g|899|0|0|99,9
5197|Foods for special nutritional use|Peuterplusmelk Nutrilon 6 p 100 ml|Toddler formula Nutrilon 6 p 100 ml|per 100ml|46|1,2|6|1,7
5198|Foods for special nutritional use|Zuigelingenvoeding Hero Baby Nutrasense Standaard 1 p 100 ml|Infant formula Hero Baby Nutrasense Standaard 1 p 100 ml|per 100ml|66|1,3|7,2|3,5
5199|Foods for special nutritional use|Opvolgmelk Hero Baby Nutrasense Standaard 2 p 100 ml|Toddler formula Hero Baby Nutrasense Standaard 2 p 100 ml|per 100ml|70|1,4|9,5|2,9
5200|Foods for special nutritional use|Peutermelk Hero Baby Nutrasense 3 p 100 ml|Toddler formula Hero Baby Nutrasense 3 p 100 ml|per 100ml|62|1,3|8,2|2,6
5201|Foods for special nutritional use|Peutermelk Hero Baby Nutrasense 4 p 100 ml|Toddler formula Hero Baby Nutrasense 4 p 100 ml|per 100ml|50|1,1|6,7|2,1
5202|Foods for special nutritional use|Zuigelingenvoeding Hipp Biologisch Combiotik 1 p 100 ml|Infant formula Hipp Biologisch Combiotik 1 p 100 ml|per 100ml|66|1,3|7,3|3,5
5203|Foods for special nutritional use|Opvolgmelk Hipp Biologisch Combiotik 2 p 100 ml|Toddler formula Hipp Biologisch Combiotik 2 p 100 ml|per 100ml|70|1,5|7,9|3,5
5204|Foods for special nutritional use|Opvolgmelk Hipp Biologisch Combiotik 3 p 100 ml|Toddler formula Hipp Biologisch Combiotik 3 p 100 ml|per 100ml|66|1,4|8|3
5205|Foods for special nutritional use|Zuigelingenvoeding Jumbo Standaard 1 p 100 ml|Infant formula Jumbo Standaard 1 p 100 ml|per 100ml|67|1,4|7,4|3,4
5206|Foods for special nutritional use|Opvolgmelk Jumbo Standaard 2 p 100 ml|Toddler formula Jumbo Standaard 2 p 100 ml|per 100ml|69|1,4|8,8|3
5207|Foods for special nutritional use|Opvolgmelk Jumbo Standaard 3 p 100 ml|Toddler formula Jumbo Standaard 3 p 100 ml|per 100ml|70|1,5|8,8|3,1
5208|Foods for special nutritional use|Dreumesmelk Jumbo Standaard 4 p 100 ml|Toddler formula Jumbo Standaard 4 p 100 ml|per 100ml|66|1,5|8,4|2,8
5209|Foods for special nutritional use|Peutermelk Jumbo Standaard 5 p 100 ml|Toddler formula Jumbo Standaard 5 p 100 ml|per 100ml|62|1,2|8,2|2,5
5210|Foods for special nutritional use|Zuigelingenvoeding Albert Heijn Standaard 1 p 100 ml|Infant formula Albert Heijn Standaard 1 p 100 ml|per 100ml|66|1,4|7|3,5
5211|Foods for special nutritional use|Opvolgmelk Albert Heijn Standaard 2 p 100 ml|Toddler formula Albert Heijn Standaard 2 p 100 ml|per 100ml|65|1,6|7,9|2,9
5212|Foods for special nutritional use|Opvolgmelk Albert Heijn Standaard 3 p 100 ml|Toddler formula Albert Heijn Standaard 3 p 100 ml|per 100ml|69|1,9|8,4|3
5213|Foods for special nutritional use|Dreumesmelk Albert Heijn Standaard 4 p 100 ml|Toddler formula Albert Heijn Standaard 4 p 100 ml|per 100ml|69|1,6|8,8|3
5214|Foods for special nutritional use|Zuigelingenvoeding Albert Heijn Biologisch Standaard 1 p 100 ml|Infant formula Albert Heijn Biologisch Standaard 1 p 100 ml|per 100ml|67|1,5|7,2|3,6
5215|Foods for special nutritional use|Opvolgmelk Albert Heijn Biologisch Standaard 2 p 100 ml|Toddler formula Albert Heijn Biologisch Standaard 2 p 100 ml|per 100ml|68|1,7|7,5|3,5
5216|Foods for special nutritional use|Opvolgmelk Albert Heijn Biologisch Standaard 3 p 100 ml|Toddler formula Albert Heijn Biologisch Standaard 3 p 100 ml|per 100ml|69|1,9|7,7|3,4
5217|Foods for special nutritional use|Zuigelingenvoeding Bonbebe Standaard 1 p 100 ml|Infant formula Bonbebe Standaard 1 p 100 ml|per 100ml|67|1,3|7,6|3,3
5218|Foods for special nutritional use|Opvolgmelk Bonbebe Standaard 2 p 100 ml|Toddler formula Bonbebe Standaard 2 p 100 ml|per 100ml|69|1,4|8,9|3
5219|Foods for special nutritional use|Opvolgmelk Bonbebe Standaard 3 p 100 ml|Toddler formula Bonbebe Standaard 3 p 100 ml|per 100ml|71|1,5|9|3,1
5220|Foods for special nutritional use|Dreumesmelk Bonbebe Standaard 4 p 100 ml|Toddler formula Bonbebe Standaard 4 p 100 ml|per 100ml|68|1,5|8,9|2,8
5224|Foods for special nutritional use|Zuigelingenvoeding Etos Standaard 1 p 100 ml|Infant formula Etos Standaard 1 p 100 ml|per 100ml|66|1,4|7|3,5
5225|Foods for special nutritional use|Opvolgmelk Etos Standaard 2 p 100 ml|Toddler formula Etos Standaard 2 p 100 ml|per 100ml|65|1,6|7,9|2,9
5226|Foods for special nutritional use|Opvolgmelk Etos Standaard 3 p 100 ml|Toddler formula Etos Standaard 3 p 100 ml|per 100ml|69|1,9|8,4|3
5227|Foods for special nutritional use|Dreumesmelk Etos Standaard 4 p 100 ml|Toddler formula Etos Standaard 4 p 100 ml|per 100ml|69|1,6|8,8|3
5228|Foods for special nutritional use|Zuigelingenvoeding Etos Biologisch Standaard 1 p 100 ml|Infant formula Etos Biologisch Standaard 1 p 100 ml|per 100ml|67|1,5|7,2|3,6
5229|Foods for special nutritional use|Opvolgmelk Etos Biologisch Standaard 2 p 100 ml|Toddler formula Etos Biologisch Standaard 2 p 100 ml|per 100ml|68|1,7|7,5|3,5
5230|Foods for special nutritional use|Opvolgmelk Etos Biologisch Standaard 3 p 100 ml|Toddler formula Etos Biologisch Standaard 3 p 100 ml|per 100ml|69|1,9|7,7|3,4
5234|Cheese|Kaas Danish Blue|Cheese Danish Blue|per 100g|350|20,5|0|29,5
5235|Milk and milk products|Melk halfvolle verrijkt m calcium en vit D|Milk semi-skimmed fortified w calcium and vit D|per 100g|47|3,5|4,7|1,6
5236|Pastry and biscuits|Taart appel- zandtaardeeg gem|Apple pie Dutch w shortbread average|per 100g|225|2,9|31,9|9,1
5237|Pastry and biscuits|Cake naturel gem|Cake plain av|per 100g|398|5,7|42,8|22,5
5238|Cereal products and types of flour|Bladerdeeg gem bereid|Puff pastry av baked|per 100g|500|7,8|46,6|30,9
5239|Pastry and biscuits|Cake appel- gem|Cake apple av|per 100g|261|3,5|30,5|13,5
5240|Pastry and biscuits|Appelflap gem|Apple turnover av|per 100g|307|3,6|39,3|14,5
5241|Alcoholic beverages|Irish coffee|Irish coffee|per 100g|166|0,7|6,7|8,7
5242|Pastry and biscuits|Cake chocolade- gem|Cake chocolate av|per 100g|396|5,7|46,5|20,3
5244|Mixed dishes|Kaasfondue huishoudelijk bereid|Cheese fondue homemade|per 100g|323|21,4|1,8|24,2
5245|Milk and milk products|Melk chocolade- halfvolle m zoetstof|Milk chocolate-flavoured semi-skimmed w sweetner|per 100g|48|3,3|4,5|1,7
5246|Non-alcoholic beverages|Wijn alcoholvrij|Wine alcohol free|per 100g|23|0,1|5,3|0,1
5247|Meat substitutes and dairy substitutes|Plantaardig alternatief voor yoghurt obv soja z suiker verrijkt m calcium en vitamines|Plant-based alternative to yoghurt based on soya unsweetened fortified with calcium and vitamins|per 100g|39|4|0|2,3
5248|Pastry and biscuits|Cheesecake|Cheesecake|per 100g|320|5,4|24|22,3
5249|Savoury snacks|Popcorn zoute kant-en-klaar (gepoft m olie)|Popcorn salted popped w oil|per 100g|505|8,4|52,3|27,1
5251|Savoury snacks|Popcorn zoete kant-en-klaar (gepoft m olie)|Popcorn sweet popped w oil|per 100g|419|4,7|84,7|5,8
5253|Miscellaneous foods|Azijn balsamico|Vinegar Balsamic|per 100g|123|0,7|25,3|0
5254|Pastry and biscuits|Carrotcake|Carrot cake|per 100g|357|4,5|36,9|20,9
5255|Pastry and biscuits|Bananenbrood|Banana bread|per 100g|298|4,7|38,9|13,2
5256|Cereal products and types of flour|Paneermeel kruiden-|Bread crumbs w herbs|per 100g|343|10,3|65,1|3,7
5257|Savoury snacks|Peper zoete gevuld m roomkaas|Sweet pepper stuffed w cream cheese|per 100g|161|3,6|2,2|15,2
5258|Sugar, sweets and sweet sauces|Hagelslag chocolade- mix wit en melk|Chocolate sprinkles mix white and milk|per 100g|452|5,8|74,2|14,1
5260|Sugar, sweets and sweet sauces|Vlokken chocolade- mix wit en melk|Chocolate flakes mix white and milk|per 100g|456|5,9|74,5|14,5
5261|Milk and milk products|Skyr m vruchten magere|Skyr skimmed w fruit|per 100g|71|9,3|7,9|0
5262|Cereal products and types of flour|Bakmix voor cake naturel|Bakery mix for cake plain|per 100g|372|5|85,7|0,6
5263|Vegetables|Bamigroenten rauw|Bami vegetables raw|per 100g|27|1,8|3,5|0,1
5264|Bread|Cracker luchtige naturel|Crispbread light plain|per 100g|380|13|72|3,5
5265|Fish, crustacean and shellfish|Tonijn m groente en tomatensaus in blik|Tuna w vegetables and tomato sauce canned|per 100g|98|11,7|4,8|3,5
5266|Fish, crustacean and shellfish|Zeevruchten bereid|Seafood cooked|per 100g|112|16,9|4,6|2,9
5267|Vegetables|Groente roerbakmix champignon rauw|Vegetables for stir-frying mushroom raw|per 100g|25|1,7|2,8|0,3
5268|Vegetables|Groente roerbakmix Hollandse rauw|Vegetables for stir-frying Dutch raw|per 100g|27|1,5|3,5|0,3
5269|Vegetables|Groente roerbakmix Italiaanse rauw|Vegetables for stir-frying Italian raw|per 100g|28|1,2|4,2|0,2
5270|Vegetables|Groente roerbakmix oosterse rauw|Vegetables for stir-frying Oriental raw|per 100g|29|1,7|3,9|0,2
5271|Milk and milk products|Yoghurt Griekse magere|Yogurt Greek skimmed|per 100g|56|8,2|5|0,1
5272|Pastry and biscuits|Koek ontbijt- z suiker|Cake Dutch spiced Ontbijtkoek wo sugar|per 100g|238|2,9|53,2|1,2
5273|Pastry and biscuits|Fruitreep m noten|Fruitbar w nuts|per 100g|424|7,8|47,6|20,9
5275|Savoury bread spreads|Pindakaas 100% pinda's ongezouten|Peanut butter 100% peanuts wo salt|per 100g|611|26,5|11,6|49,1
5277|Fats and oils|Vet dierlijk gem|Fat animal av|per 100g|897|0|0|99,7
5279|Fruits|Vruchten bos- gem |Fruit forest av|per 100g|39|0,9|6|0,1
5280|Meat and poultry|Kalfsvlees gem rauw|Veal av raw|per 100g|127|21,3|0|4,7
5286|Miscellaneous foods|Zout bakkers- m toegevoegd jodium|Salt bakers w added iodin|per 100g|0|0|0|0
5290|Miscellaneous foods|Cacaopoeder magere|Cocoa powder low fat|per 100g|332|23,4|12,4|11
5292|Savoury bread spreads|Pasta noten- 100% noten ongezouten|Nut paste mixed nuts unsalted|per 100g|639|19,8|10,9|55,9
5294|Milk and milk products|IJs yoghurt- m vruchten|Ice cream yoghurt based w fruit|per 100g|165|2,6|23,9|6,4
5295|Milk and milk products|Skyr naturel magere|Skyr skimmed plain|per 100g|60|10,6|3,7|0
5299|Cereal products and types of flour|Bakmix voor appeltaart|Bakery mix for apple pie|per 100g|371|6|82,3|0,7
5300|Cereal products and types of flour|Bakmix voor kwarktaart|Bakery mix for cheesecake|per 100g|438|7,7|77,5|10,6
5304|Vegetables|Frites groente- voorgebakken diepvries onbereid|Chips vegetable pre-fried frozen unprepared|per 100g|142|2,2|15|7
5305|Herbs and spices|Soeppoeder 1-kops soep|Soup instant powder 1 cup soup|per 100g|372|9,6|54,2|12,1
5306|Milk and milk products|Melk volle lactosevrij|Milk whole lactose free|per 100g|64|3,4|4,6|3,6
5315|Sugar, sweets and sweet sauces|Zoetstof intensief obv koolhydraten als vulmiddel|Sweetener intensive based on carbohydrates|per 100g|358|2,8|85,7|0,2
5317|Mixed dishes|Witlof m ham en kaas uit de oven|Baked chicory w cheese and ham|per 100g|101|8,1|1,8|6,5
5318|Mixed dishes|Ratatouille bereid z vlees|Ratatouille prepared wo meat|per 100g|56|1,1|3,3|3,9
5319|Mixed dishes|Bonenschotel m groente in tomatensaus blik/glas/zak|Legumes dish w vegetables in tomato sauce canned|per 100g|71|3,4|9|1,4
5320|Fruits|Stoofperen bereid m gezoet kookvocht|Stewing pears cooked w sweetened liquid|per 100g|58|0,2|13,5|0,1
5321|Mixed dishes|Omelet/roerei|Omelette/scrambled eggs|per 100g|161|10,2|0,7|13,1
5322|Mixed dishes|Omelet ham-kaas|Omelette w ham and cheese|per 100g|209|11,5|0,8|17,6
5323|Mixed dishes|Omelet m aardappel Spaanse tortilla|Omelette w potatoes Spanish tortilla|per 100g|137|6|8,1|8,8
5324|Mixed dishes|Omelet m aardappel, groente en spek Spaanse tortilla|Omelette w potatoes, vegetables and bacon Spanish tortilla|per 100g|126|6,5|4,4|8,9
5325|Mixed dishes|Bobotie z rijst|Bobotie wo rice|per 100g|129|7|5,5|8,5
5326|Fish, crustacean and shellfish|Mosselen rauw|Mussels raw|per 100g|67|11,1|1,9|1,7
5328|Savoury sauces|Saus carbonara- huishoudelijk bereid|Sauce carbonara homemade|per 100g|284|13,5|1|25,1
5329|Mixed dishes|Hachee|Meat-onion stew|per 100g|98|8|4,7|5,1
5330|Vegetables|Knoflook bereid z vet|Garlic cooked wo fat|per 100g|127|5,6|23,8|0,3
5337|Mixed dishes|Paprika gevuld m gehakt|Sweet pepper stuffed w minced meat|per 100g|145|5,7|6,5|10,4
5339|Milk and milk products|Yoghurt geiten- volle|Yoghurt goatmilk full fat|per 100g|74|3,7|3,6|4,7
5340|Milk and milk products|IJs room- chocolade|Ice cream chocolate|per 100g|226|3,5|28,6|10,4
5341|Mixed dishes|Shaslick spies varkensvlees m groente bereid|Shashlik skewer pork w vegetables prepared|per 100g|75|12,8|1,5|1,8
5342|Fish, crustacean and shellfish|Viscuisine koolvis m paneermeel-kruidenkorst bereid|Fish cuisine pollock w breadcrumbs and herbs prepared|per 100g|217|16,3|10,4|11,9
5345|Milk and milk products|IJs room- vanille|Ice cream dairy vanilla flavoured|per 100g|220|3|24,9|12
5346|Milk and milk products|IJs vanille-|Ice cream dairy w vegetal fat vanilla flavoured|per 100g|212|2,9|25,8|10,7
5347|Milk and milk products|IJs room- m vruchten|Ice cream dairy w fruit|per 100g|194|2,7|27,1|8,1
5348|Milk and milk products|IJs room/vanille- cornet m vruchten|Ice cream dairy/non-dairy cornet w fruit|per 100g|269|3,1|40,5|10,3
5349|Cereal products and types of flour|Bakmix voor pannenkoeken volkoren-|Bakery mix for pancakes wholemeal|per 100g|347|12,2|62,3|3,3
5352|Mixed dishes|Broodje gezond v witbrood|Roll white hard w cheese, ham, egg and vegetables|per 100g|218|11,7|25,8|7
5353|Milk and milk products|Mousse chocolade- kant-en-klaar|Mousse chocolate ready-to-eat|per 100g|189|5,3|23,9|7,5
5354|Mixed dishes|Tosti ham-kaas v witbrood|Toasted ham-cheese sandwich w white bread|per 100g|253|12,7|27,7|9,7
5355|Mixed dishes|Broodje hamburger huishoudelijk bereid|Hamburger (with roll) vegetables and sauce homemade|per 100g|213|10,8|13,6|12,5
5356|Savoury snacks|Frikandel speciaal|Sausage Dutch Frikandel w sauce and onion|per 100g|230|10,2|9,2|16,5
5358|Mixed dishes|Salade Griekse z dressing|Greek salad wo dressing|per 100g|81|4,7|2,3|5,6
5359|Mixed dishes|Risotto bereid|Risotto prepared|per 100g|196|5,8|25,6|7,6
5360|Mixed dishes|Sushi m zalm en komkommer |Sushi stuffed w salmon and cucumber|per 100g|133|5,5|22,8|1,8
5363|Mixed dishes|Wrap m kip|Wrap w chicken|per 100g|166|13,2|16,6|4,8
5364|Potatoes and tubers|Aardpeer rauw|Jerusalem artichoke raw|per 100g|75|2|13,4|0,5
5369|Fruits|Meloen gem|Melon av|per 100g|31|0,5|6,9|0
5370|Sugar, sweets and sweet sauces|Candybar gem|Candybar av|per 100g|478|5,4|65,1|21,5
5371|Sugar, sweets and sweet sauces|Pindarotsjes|Chocolate filled w peanuts|per 100g|582|15,8|31|42,6
5372|Sugar, sweets and sweet sauces|Snoepmix|Candy mix|per 100g|328|5,8|75,3|0,3
5376|Non-alcoholic beverages|Siroop vruchtenlimonade- m suiker en zoetstof 30-35 g KH|Fruit drink conc w sugar and sweetener 30-35 g CHO|per 100g|134|0|33,4|0
5378|Mixed dishes|Wentelteefje v wit tarwebrood|French toast made w white wheat bread|per 100g|199|5,9|24,7|8,3
5382|Mixed dishes|Pannenkoek spek- koelvers|Pancake bacon chilled|per 100g|210|6,6|18,6|11,9
5386|Mixed dishes|Salade nicoise m dressing|Salad nicoise w fish and dressing|per 100g|75|4,4|2,5|4,8
5393|Mixed dishes|Pastagerecht carbonara huishoudelijk bereid|Pasta dish carbonara homemade|per 100g|182|7,5|20,2|7,6
5394|Mixed dishes|Frites speciaal|French fries w sauce and onion|per 100g|249|2,6|25,6|14,5
5395|Mixed dishes|Frites m sauzen en uitjes|French fries w sauces and onions|per 100g|255|3,1|25,3|15,1
5396|Mixed dishes|Frites kapsalon|French fries w shoarma, cheese and sauce|per 100g|216|9,6|8,8|15,6
5397|Cereal products and types of flour|Noodles instant onbereid|Noodles instant onbereid|per 100g|461|10,2|64,6|17,2
5398|Mixed dishes|Quiche Lorraine|Quiche Lorraine|per 100g|296|11,7|14,4|20,9
5401|Mixed dishes|Stamppot boerenkool m rookworst en spekjes|Kale curly w marhed potatoes, smoked sausage and bacon|per 100g|137|5,2|9,4|8,4
5402|Mixed dishes|Stamppot rauwe andijvie m gehaktbal en spekjes|Endive raw w mashed potatoes, minced meat ball and bacon|per 100g|101|5,2|11,3|3,6
5404|Nuts and seeds|Zaden en pitten gem|Seeds and kernels av|per 100g|562|19,1|10,5|44,8
5407|Sugar, sweets and sweet sauces|Spread fruit-|Fruit spread|per 100g|162|0,5|38|0,1
5408|Non-alcoholic beverages|Vruchtendrank Dubbeldrank|Fruit juice drink Dubbeldrank|per 100g|45|0,2|10,8|0
5409|Fats and oils|Margarineproduct 60% vet <17g verz vetz gezouten|Margarine product 60% fat <17g sat fa salted|per 100g|536|0|0,2|59,5
5410|Fats and oils|Halvarine Blue Band|Low fat margarine Blue Band|per 100g|357|0,3|1,1|39
5411|Bread|Glutenvrij brood donker|Gluten free bread dark|per 100g|205|4,1|35|3,6
5412|Bread|Glutenvrij brood licht|Gluten free bread light|per 100g|212|4,1|38,9|3,1
5413|Bread|Glutenvrij brood meerzaden |Gluten free bread multiseeds|per 100g|236|5|33,5|7
5414|Bread|Glutenvrij brood zuurdesem|Gluten free bread sourdough|per 100g|266|4,3|49|4,2
5415|Herbs and spices|Kruiden tuin- vers gem|Herbs green fresh av|per 100g|43|3,3|4,1|0,7
5416|Fats and oils|Margarineproduct 45% vet <17 g verz vetz ongezouten|Margarine product 45% fat <17g sat fa unsalted|per 100g|406|0,2|0,2|45
5417|Potatoes and tubers|Gnocchi gekookt|Gnocchi cooked|per 100g|155|3,5|34|0,2
5418|Potatoes and tubers|Gnocchi onbereid|Gnocchi unprepared|per 100g|174|3,9|37,9|0,3
5420|Non-alcoholic beverages|Limonade vruchten- m suiker en zoetstof 7-9 g KH|Juice drink w sugar and sweetener 7-9 g CHO|per 100g|31|0|7,7|0
5421|Fats and oils|Halvarineproduct Albert Heijn light|Low fat margarine Albert Heijn light|per 100g|270|0|0|30
5422|Fats and oils|Halvarineproduct Albert Heijn Goed Begin|Low fat margarine Albert Heijn Goed Begin|per 100g|351|0|0|39
5423|Fats and oils|Halvarineproduct Jumbo Goed Begin|Low fat margarine Jumbo Goed Begin|per 100g|347|0,1|1,1|38
5424|Fats and oils|Halvarine Jumbo|Low fat margarine Jumbo|per 100g|356|0,1|1,2|39
5425|Savoury sauces|Smeltjus bereid|Gravy Smeltjus prepared|per 100g|260|0,4|1,6|28
5427|Meat substitutes and dairy substitutes|Drink haver- z suiker verrijkt m calcium en vitamines|Drink oat wo sugar fortified w calcium and vitamins|per 100g|44|0,5|6,7|1,5
5428|Legumes|Bonen bruine blik/glas geen zout toegevoegd|Beans brown canned/glass no salt added|per 100g|118|8|15,9|0,9
5429|Legumes|Linzen blik/glas geen zout toegevoegd|Lentils canned/glass no salt added|per 100g|93|7,7|12,5|0,5
5430|Legumes|Erwten kikker- blik/glas geen zout toegevoegd|Peas chick canned/glass no salt added|per 100g|117|6,8|13,5|2,5
5431|Legumes|Bonen kidney- rode blik/glas geen zout toegevoegd|Beans kidney red canned/glass no salt added|per 100g|102|7,7|13|0,7
5432|Mixed dishes|Pizza m mozzarella Margherita|Pizza w mozzarella Margherita|per 100g|203|7,5|23|8,6
5437|Mixed dishes|Pizza quattro formaggi|Pizza quattro formaggi|per 100g|233|9,2|23,3|11
5440|Legumes|Peulvruchten gem gekookt|Pulses average boiled|per 100g|117|8,2|14,4|1,3
5445|Foods for special nutritional use|Zuigelingenvoeding Nestle Little steps 1 p 100ml|Infant formula Nestle Little steps 1 p 100ml|per 100ml|68|1,5|8,2|3,2
5446|Foods for special nutritional use|Opvolgmelk Nestle Little steps 2 p 100ml|Toddler formula Nestle Little steps 2 p 100ml|per 100ml|67|1,5|8|3,2
5447|Foods for special nutritional use|Dreumesmelk Nestle Little steps 3 p 100ml|Toddler formula Nestle Little steps 3 p 100ml|per 100ml|67|1,5|8,6|3
5448|Vegetables|Groente hutspot- rauw|Vegetables mixed carrot-onion raw|per 100g|35|0,9|5,9|0,2
5449|Vegetables|Groente hutspot- gekookt|Vegetables mixed carrot-onion boiled|per 100g|34|0,8|5,9|0,2
5450|Vegetables|Groente roerbakmix Mexicaanse rauw|Vegetables for stir-frying Mexican raw|per 100g|51|2,7|7,1|0,5
5451|Vegetables|Groente roerbakmix Mexicaanse gekookt|Vegetables for stir-frying Mexican boiled|per 100g|48|2,4|6,7|0,5
5456|Mixed dishes|Taco m gehakt en bonen|Taco w minced meat and beans|per 100g|152|7,4|12,8|7,2
5457|Mixed dishes|Burrito m gehakt|Burrito w minced meat|per 100g|205|9,4|12,5|12,5
5458|Mixed dishes|Lasagne groenten- koelverse maaltijd|Lasagna w vegetables ready-to-eat|per 100g|112|3,3|10,6|5,9
5459|Vegetables|Ui rode rauw|Onion red raw|per 100g|37|1,3|5,6|0,4
5460|Mixed dishes|Broodje cheeseburger kant-en-klaar|Cheeseburger ready-to-eat|per 100g|240|12,7|20,7|11,4
5461|Vegetables|Ui rode gekookt|Onion red boiled|per 100g|43|1,7|7,6|0,2
5462|Bread|Wafel mais- naturel m zout|Corn cakes puffed plain w salt|per 100g|385|7,4|85|1,1
5463|Meat substitutes and dairy substitutes|Drink haver- z suiker|Drink oat wo sugar|per 100g|40|0,3|7,1|1,1
5464|Meat substitutes and dairy substitutes|Drink amandel- z suiker|Drink almond unsweetened|per 100g|26|0,9|0,6|2,2
5465|Meat substitutes and dairy substitutes|Plantaardig alternatief voor Goudse kaas obv kokosolie|Plant-based alternative to Gouda cheese based on coconut oil|per 100g|268|0,3|17,4|21,5
5466|Meat substitutes and dairy substitutes|Plantaardig alternatief voor Goudse kaas obv kokosolie verrijkt m Ca en Vit B12|Plant-based alternative to Gouda cheese based on coconut oil fortified w Ca and Vit B12|per 100g|286|0,1|22,7|21,3
5467|Savoury bread spreads|Hummus m groente|Hummus w vegetables|per 100g|251|5,3|11|19,1
5468|Bread|Soepstengel volkoren|Breadsticks wholemeal|per 100g|385|14,1|61,9|6,5
5469|Savoury sauces|Saus sate- geconcentreerd|Peanut sauce concentrate|per 100g|437|13,5|36,5|25,5
5470|Savoury sauces|Saus soja-|Soy sauce|per 100g|40|5,5|4,4|0
5471|Savoury sauces|Saus wok- teriyaki|Wok sauce teriyaki|per 100g|164|1,9|38,2|0,3
5473|Savoury snacks|Zoutje luchtig aardappelbasis |Cocktail snacks based on potatoes |per 100g|514|3,6|59,7|28,4
5474|Meat substitutes and dairy substitutes|Drink kokos- m suiker verrijkt m calcium en vitamines|Drink coconut w sugar fortified w calcium and vitamins|per 100g|25|0,2|2,4|1,6
5475|Meat and poultry|Kipschnitzel krokant rauw|Chicken schnitzel breaded w corn flakes raw|per 100g|265|13,6|19,2|14,6
5478|Meat substitutes and dairy substitutes|Worst boterham- vegetarisch|Sausage luncheon meat vegetarian|per 100g|173|8,7|3,5|12,9
5479|Meat substitutes and dairy substitutes|Pate/smeerworst vegetarisch obv soja/erwt|Pate vegetarian based on soya/pea|per 100g|235|6,8|5,5|19,9
5482|Cereal products and types of flour|Wrap/tortilla obv tarwe volkoren|Wrap/tortilla wheat wholemeal|per 100g|277|8,8|44,1|5,3
5485|Meat substitutes and dairy substitutes|Reepjes/stukjes vegetarisch obv soja/tarwe onbereid|Pieces/chunks vegetarian based on soya/wheat unprepared|per 100g|171|20,3|4,4|6,6
5489|Fats and oils|Margarineproduct Becel Romig 60% vet|Margarine product Becel Romig 60% fat|per 100g|544|0,5|0,5|60
5490|Fats and oils|Halvarineproduct 20% vet <10g verz vetz gezouten|Low fat margarine product 20% fat <10g sat salted|per 100g|180|0|0|20
5491|Cereal products and types of flour|Muesli krokante m fruit verrijkt m vezel|Muesli crunchy w fruit fortified w fibre|per 100g|430|8,2|59,2|15,1
5493|Vegetables|Asperge groene gekookt|Asparagus green boiled|per 100g|27|2,7|1,7|0,3
5494|Nuts and seeds|Noten gemengd m cranberry ongezouten|Nuts mixed w cranberry unsalted|per 100g|555|15|29,5|40,4
5495|Cereal products and types of flour|Muesli krokante m noten verrijkt m vezel|Muesli crunchy w nuts fortified w fibre|per 100g|456|9,8|53,6|19,8
5496|Cereal products and types of flour|Muesli krokante m chocolade verrijkt m vezel|Muesli crunchy w chocolate fortified w fibre|per 100g|448|9,4|55,8|18,1
5497|Fruits|Kokos geraspt gedroogd|Coconut grated, dried|per 100g|674|7,1|8,6|64,8
5498|Savoury snacks|Seroendeng|Seroendeng|per 100g|609|12,9|19,6|50,9
5499|Soups|Bouillon geconcentreerd m groente of vlees pot|Stock concentrated w vegetables or meat pot|per 100g|53|5,7|3,3|1,7
5505|Legumes|Peulvruchten gem gedroogd|Pulses average dried|per 100g|335|23,1|43,6|3,9
5507|Pastry and biscuits|Eiwitreep m pinda|Protein bar w peanut|per 100g|506|22,2|30,3|30,7
5508|Pastry and biscuits|Eiwitreep m chocola m zoetstof|Protein bar w chocolate and sweetener|per 100g|369|36,7|26,7|14,8
5509|Savoury sauces|Saus wok- zoetzure|Wok sauce sweet and sour|per 100g|169|1,1|38|1,2
5510|Pastry and biscuits|Koek ontbijt- verrijkt m vezel|Cake Dutch spiced Ontbijtkoek fortified w fibre|per 100g|285|2,8|62,4|0,9
5511|Pastry and biscuits|Graanreep Sultana Good Morning|Cereal bar Sultana Good Morning|per 100g|451|7,7|66,4|16,3
5512|Pastry and biscuits|Mueslireep verrijkt m vezel|Muesli bar fortified w fibre|per 100g|444|9,4|59,3|16
5513|Pastry and biscuits|Biscuit fruit- verrijkt m vezel|Biscuit fruit fortified w fibre|per 100g|388|6,9|72,5|7,1
5514|Pastry and biscuits|Biscuit meergranen- diverse smaken verrijkt m vezel, vit en min|Biscuit multigrain several flavours fortified w fibre, vit and min|per 100g|389|8|65,6|8,5
5515|Meat substitutes and dairy substitutes|Groenteballetjes/-burgers vegetarisch obv soja onbereid verrijkt m ijzer en vit B12|Vegetable balls/burgers vegetarian based on soya unprepared fortified w iron and vit B12|per 100g|146|14,9|7,4|5
5516|Cheese|Kaas komijne- 48+ gem|Cheese w cumin 48+ average|per 100g|370|22,9|0,4|30,5
5517|Cereal products and types of flour|Meel Johannesbroodpit-|Locust bean gum|per 100g|187|3,2|3,3|1,3
5518|Cereal products and types of flour|Couscous volkoren rauw|Couscous wholemael unprepared|per 100g|342|12,1|65|1,9
5519|Meat substitutes and dairy substitutes|Tofu onbereid|Tofu unprepared|per 100g|119|12,4|1,5|6,6
5522|Vegetables|Knolraap rauw|Turnip raw|per 100g|31|0,9|4,8|0,3
5523|Vegetables|Knolraap gekookt|Turnip boiled|per 100g|17|0,6|2|0,2
5524|Meat and poultry|Varkensvlees gem rauw|Pork av raw|per 100g|201|19|1,2|13,3
5527|Fish, crustacean and shellfish|Vis mager <5 g vet gem bereid in magnetron z toevoegingen|Fish lean <5 g fat average prepared in microwave oven no ingredients added|per 100g|112|23,4|0|2
5530|Mixed dishes|Saus bolognese- huishoudelijk bereid|Sauce bolognese homemade|per 100g|126|7,4|4,1|8,6
5531|Mixed dishes|Spaghetti bolognese m kaas huishoudelijk bereid|Spaghetti bolgonese w cheese homemade|per 100g|149|7,7|15,1|6,1
5532|Mixed dishes|Salade maaltijd- m kip, pasta en dressing|Salad dish w chicken, pasta and dressing|per 100g|127|5,1|10,6|6,8
5533|Mixed dishes|Salade aardappel-|Salad potato|per 100g|180|1,4|15|12,5
5534|Mixed dishes|Tosti ham-kaas v bruin/volkoren brood|Toasted ham-cheese sandwich w brown/wholemeal bread|per 100g|246|13,5|23,8|9,9
5537|Vegetables|Pepers in zuur in blik/glas|Peppers pickled canned/glass|per 100g|14|0,8|1,9|0,1
5538|Milk and milk products|Kwark magere lactosevrij|Quark low fat lactose-free|per 100g|57|9,8|3,8|0,2
5539|Cereal products and types of flour|Couscous volkoren gekookt|Couscous wholemeal boiled|per 100g|114|4|21,7|0,6
5540|Pastry and biscuits|Strooigoed|Biscuit spiced with candy mix|per 100g|411|5,2|78,9|8
5542|Meat substitutes and dairy substitutes|Drink soja- vruchten/vanille m suiker verrijkt m calcium en vitamines|Drink soya  fruit/vanilla w sugar fortified w calcium and vitamins|per 100g|55|2,8|7,6|1,4
5543|Meat substitutes and dairy substitutes|Drink kokos- z suiker|Drink coconut wo sugar|per 100g|26|0,3|1,3|1,9
5544|Fruits|Jackfruit in water blik|Jackfruit in water canned|per 100g|18|1|0,8|0,2
5545|Meat substitutes and dairy substitutes|Plantaardig alternatief voor yoghurt obv kokos z suiker|Plant-based alternative to yoghurt based on coconut unsweetened|per 100g|150|1,5|3,2|14,4
5546|Meat substitutes and dairy substitutes|Tofureepjes/-blokjes gekruid onbereid|Tofu pieces/chunks seasoned unprepared|per 100g|213|15,7|1,4|15,6
5547|Meat substitutes and dairy substitutes|Falafel onbereid|Falafel unprepared|per 100g|231|9,1|24|9
5548|Meat substitutes and dairy substitutes|Kaasschnitzel vegetarisch onbereid|Cheese schnitzel vegetarian unprepared|per 100g|291|11,4|26|15,2
5549|Meat substitutes and dairy substitutes|Balletjes/burgers vegetarisch obv soja/tarwe onbereid|Meatballs/burgers vegetarian based on soya/wheat unprepared|per 100g|177|19,6|4,7|7,5
5550|Meat substitutes and dairy substitutes|Vissticks vegetarisch obv rijst/tarwe onbereid|Fish fingers vegetarian based on rice/wheat unprepared|per 100g|223|4,9|28,7|9,3
5551|Meat substitutes and dairy substitutes|Balletjes/burgers vegetarisch obv soja/tarwe onbereid verrijkt m ijzer en vit B12|Meatballs/burgers vegetarian based on soya/wheat unprepared fortified w iron and vit B12|per 100g|190|16,9|8,5|8,7
5552|Meat substitutes and dairy substitutes|Balletjes/burgers vegetarisch obv erwt onbereid|Meatballs/burgers vegetarian based on pea unprepared|per 100g|209|15,6|3,2|14,3
5553|Meat substitutes and dairy substitutes|Groenteballetjes/-burgers vegetarisch obv soja onbereid|Vegetable balls/burgers vegetarian based on soya unprepared|per 100g|194|10,4|12,6|10,2
5554|Meat substitutes and dairy substitutes|Reepjes/stukjes vegetarisch obv soja/tarwe onbereid verrijkt m ijzer en vit B12|Pieces/chunks vegetarian based on soya/wheat unprepared fortified w iron and vit B12|per 100g|178|20,4|3|8,4
5555|Savoury snacks|Nuggets vegetarisch obv tarwe/erwt diepvries onbereid|Nuggets vegetarian based on wheat/pea frozen unprepared|per 100g|288|8,4|26,5|15,7
5556|Meat substitutes and dairy substitutes|Filet americain vegetarisch obv melk verrijkt m ijzer |Filet americain vegetarian based on milk fortified w iron|per 100g|275|7,8|6,3|23,6
5557|Savoury snacks|Kroket oven- vegetarisch diepvries onbereid|Croquette oven vegetarian frozen unprepared|per 100g|261|5,2|24|15,4
5558|Sugar, sweets and sweet sauces|Dextrose tabletten niet verrijkt|Dextrose tablets non-fortified|per 100g|369|0|91|0,5
5559|Savoury snacks|Rempejek pindakoekje|Rempejek peanut biscuit|per 100g|579|14,4|25,3|45,7
5560|Savoury snacks|Bitterbal bereid m vloeibaar frituurvet|Croquette Dutch Bitterbal deep-fried in liquid fat|per 100g|362|9,9|20,7|26,2
5561|Meat substitutes and dairy substitutes|Gehakt rul vegetarisch obv soja onbereid verrijkt m ijzer en vit B12|Minced meat vegetarian based on soya unprepared fortified w iron and vit B12|per 100g|110|21,8|1,2|0,2
5562|Fats and oils|Margarine 80% vet >24 g verz vetz gezouten in NEVO recepten|Margarine 80% fat >24 g sat fatty acids salted for NEVO recipes|per 100g|719|0,1|0,3|79,7
5563|Meat substitutes and dairy substitutes|Worst braad- vegetarisch obv erwt onbereid|Sausage roast- vegetarian based on pea unprepared|per 100g|237|16|1,6|17,6
5564|Meat substitutes and dairy substitutes|Worst braad- vegetarisch obv soja/tarwe onbereid verrijkt m ijzer en vit B12|Sausage roast- vegetarian based on soya/wheat unprepared fortified w iron and vit B12|per 100g|178|14,1|5,1|11
5565|Meat substitutes and dairy substitutes|Schnitzel/burger vegetarisch obv melk onbereid verrijkt m ijzer|Schnitzel/burger vegetarian based on milk unprepared|per 100g|172|11,4|12,1|7,9
5566|Meat substitutes and dairy substitutes|Burger vegetarisch gevuld m groente en kaas onbereid|Burger vegetarian filled w vegetables and cheese unprepared|per 100g|216|9|19,1|10,8
5567|Bread|Cracker luchtige volkoren|Crispbread light wholemeal|per 100g|355|10|64,3|3,6
5569|Meat substitutes and dairy substitutes|Plantaardig alternatief voor room obv haver|Plant-based alternative to cream based on oat|per 100g|136|0,8|8,1|11
5571|Meat substitutes and dairy substitutes|Drink soja- chocolade m suiker verrijkt m calcium en vitamines|Drink soya chocolate w sugar fortified w calcium and vitamins|per 100g|60|3|7,6|1,7
5572|Meat substitutes and dairy substitutes|Spekjes vegetarisch onbereid|Bacon vegetarian unprepared|per 100g|185|15|6,1|10,5
5573|Meat substitutes and dairy substitutes|Tempeh onbereid|Tempeh unprepared|per 100g|128|17,6|0,4|4,7
5574|Cereal products and types of flour|Bakmix voor oliebollen|Bakery mix for doughnuts Dutch style|per 100g|369|11|77|1
5575|Cheese|Kaas 35+|Cheese 35+|per 100g|302|27,3|0|20,4
5576|Cereal products and types of flour|Bloem spelt-|Flour spelt|per 100g|348|13,2|67,4|1,7
5577|Cereal products and types of flour|Meel spelt- volkoren|Flour spelt wholemeal|per 100g|332|14,4|56|2,3
5579|Cereal products and types of flour|Meel amandel-|Flour almond|per 100g|638|25,3|3,6|55,8
5580|Cereal products and types of flour|Meel tarwegries-|Semolina wheat|per 100g|338|10,8|66,4|0,9
5581|Cereal products and types of flour|Meel haver- volkoren|Flour oat wholemeal|per 100g|364|13,4|58|6,4
5582|Cereal products and types of flour|Vlokken spelt-|Flakes spelt|per 100g|340|12,9|61,4|2,2
5583|Cereal products and types of flour|Vlokken gerst-|Flakes barley|per 100g|332|7,9|63|2,1
5584|Cereal products and types of flour|Meel rijst- volkoren|Flour rice wholemeal|per 100g|355|8,1|71,7|2,6
5585|Cereal products and types of flour|Bakmix voor pannenkoeken glutenvrij|Bakery mix for pancakes gluten free|per 100g|344|4,9|78,4|1
5586|Cereal products and types of flour|Meel kokos-|Flour coconut|per 100g|343|20,1|18|12,8
5587|Cereal products and types of flour|Pannenkoek kant-en-klaar naturel|Pancake ready-to-eat plain|per 100g|226|5,3|27,7|9,8
5589|Cereal products and types of flour|Poffertjes kant-en-klaar naturel|Dutch Poffertjes ready-to-eat plain|per 100g|291|5,5|31,2|15,2
5591|Cereal products and types of flour|Wrap/tortilla obv tarwe en wortel|Wrap/tortilla wheat and carrot|per 100g|288|9,8|47,8|5
5592|Cereal products and types of flour|Muesli m fruit en noten|Muesli w fruit and nuts|per 100g|365|9,1|57,2|9
5593|Cereal products and types of flour|Muesli krokante naturel|Muesli crunchy plain|per 100g|422|10,8|66,1|10,8
5594|Cereal products and types of flour|Muesli krokante m fruit|Muesli crunchy w fruit|per 100g|419|8,9|65,8|11,3
5595|Cereal products and types of flour|Muesli m fruit zaden en pitten|Muesli w fruit seeds and kernels|per 100g|359|11,4|52,9|8,5
5596|Cereal products and types of flour|Pannenkoek glutenvrij huishoudelijk bereid|Pancake gluten free homemade|per 100g|171|5,1|22,9|6,5
5597|Cereal products and types of flour|Poffertjes huishoudelijk bereid|Dutch Poffertjes homemade|per 100g|154|5,7|22,9|4
5598|Cereal products and types of flour|Bakmix voor brood wit glutenvrij|Bakery mix for bread white gluten free|per 100g|354|5,4|77,5|1,6
5599|Cereal products and types of flour|Bakmix voor brood bruin/meergranen glutenvrij|Bakery mix for bread brown/multigrain gluten free|per 100g|369|6|76,4|3,4
5602|Fish, crustacean and shellfish|Garnalen gemarineerde|Prawns marinated|per 100g|184|12,7|0,9|11,2
5604|Cereal products and types of flour|Ontbijtproduct Special flakes naturel|Breakfast cereal Special flakes plain|per 100g|377|9,9|77,5|1,5
5605|Cereal products and types of flour|Ontbijtproduct 7 granen ontbijt|Breakfast cereal 7 cereals breakfast|per 100g|342|12,1|64,1|2,1
5609|Vegetables|Champignon gebakken z vet|Mushroom fried wo fat|per 100g|26|4,4|0,2|0,6
5610|Legumes|Bonen lupine- gedroogd|Beans lupin dried|per 100g|324|33,1|2,8|9,5
